,Date,Open,High,Low,Close,Adj Close,Volume,X,Filing Date,Trade Date,Ticker,Insider Name,Title,Trade Type,Price,Qty,Owned,Î”Own,Value
0,2021-08-30,149.0,153.490005,148.610001,153.119995,150.976974,90956700,,,,,,,,,,,,
1,2021-08-31,152.660004,152.800003,151.289993,151.830002,149.705032,86453100,,,,,,,,,,,,
2,2021-09-01,152.830002,154.979996,152.339996,152.509995,150.375519,80313700,,,,,,,,,,,,
3,2021-09-02,153.869995,154.720001,152.399994,153.649994,151.499542,71115500,,,,,,,,,,,,
4,2021-09-03,153.759995,154.630005,153.089996,154.300003,152.140457,57808700,,,,,,,,,,,,
5,2021-09-07,154.970001,157.259995,154.389999,156.690002,154.497025,82278300,,,,,,,,,,,,
6,2021-09-08,156.979996,157.039993,153.979996,155.110001,152.939117,74420200,,,,,,,,,,,,
7,2021-09-09,155.490005,156.110001,153.949997,154.070007,151.913696,57305700,,,,,,,,,,,,
8,2021-09-10,155.0,155.479996,148.699997,148.970001,146.885071,140893200,,,,,,,,,,,,
9,2021-09-13,150.630005,151.419998,148.75,149.550003,147.456955,102404300,,,,,,,,,,,,
10,2021-09-14,150.350006,151.070007,146.910004,148.119995,146.046951,109296300,,,,,,,,,,,,
11,2021-09-15,148.559998,149.440002,146.369995,149.029999,146.944214,83281300,,,,,,,,,,,,
12,2021-09-16,148.440002,148.970001,147.220001,148.789993,146.707565,68034100,,,,,,,,,,,,
13,2021-09-17,148.820007,148.820007,145.759995,146.059998,144.015793,129868800,,,,,,,,,,,,
14,2021-09-20,143.800003,144.839996,141.270004,142.940002,140.939468,123478900,,,,,,,,,,,,
15,2021-09-21,143.929993,144.600006,142.779999,143.429993,141.422592,75834000,,,,,,,,,,,,
16,2021-09-22,144.449997,146.429993,143.699997,145.850006,143.808716,76404300,,,,,,,,,,,,
17,2021-09-23,146.649994,147.080002,145.639999,146.830002,144.775009,64838200,,,,,,,,,,,,
18,2021-09-24,145.660004,147.470001,145.559998,146.919998,144.863724,53477900,,,,,,,,,,,,
19,2021-09-27,145.470001,145.960007,143.820007,145.369995,143.335449,74150700,,,,,,,,,,,,
20,2021-09-28,143.25,144.75,141.690002,141.910004,139.923874,108972300,,,,,,,,,,,,
21,2021-09-29,142.470001,144.449997,142.029999,142.830002,140.830978,74602000,,,,,,,,,,,,
22,2021-09-30,143.660004,144.380005,141.279999,141.5,139.519623,89056700,,,,,,,,,,,,
23,2021-10-01,141.899994,142.919998,139.110001,142.649994,140.653488,94639600,,,,,,,,,,,,
24,2021-10-04,141.759995,142.210007,138.270004,139.139999,137.192627,98322000,,,,,,,,,,,,
25,2021-10-05,139.490005,142.240005,139.360001,141.110001,139.13504,80861100,,,,,,,,,,,,
26,2021-10-06,139.470001,142.149994,138.369995,142.0,140.012604,83221100,,,,,,,,,,,,
27,2021-10-07,143.059998,144.220001,142.720001,143.289993,141.284561,61732700,,,,,,,,,,,,
28,2021-10-08,144.029999,144.179993,142.559998,142.899994,140.899979,58773200,,,,,,,,,,,,
29,2021-10-11,142.270004,144.809998,141.809998,142.809998,140.811279,64452200,,,,,,,,,,,,
30,2021-10-12,143.229996,143.25,141.039993,141.509995,139.529465,73035900,,,,,,,,,,,,
31,2021-10-13,141.240005,141.399994,139.199997,140.910004,138.937851,78762700,,,,,,,,,,,,
32,2021-10-14,142.110001,143.880005,141.509995,143.759995,141.747986,69907100,,,,,,,,,,,,
33,2021-10-15,143.770004,144.899994,143.509995,144.839996,142.812851,67940300,,,,,,,,,,,,
34,2021-10-18,143.449997,146.839996,143.160004,146.550003,144.498932,85589200,,,,,,,,,,,,
35,2021-10-19,147.009995,149.169998,146.550003,148.759995,146.678009,76378900,,,,,,,,,,,,
36,2021-10-20,148.699997,149.75,148.119995,149.259995,147.17099,58418800,,,,,,,,,,,,
37,2021-10-21,148.809998,149.639999,147.869995,149.479996,147.387924,61421000,,,,,,,,,,,,
38,2021-10-22,149.690002,150.179993,148.639999,148.690002,146.608963,58883400,,,,,,,,,,,,
39,2021-10-25,148.679993,149.369995,147.619995,148.639999,146.559677,50720600,,,,,,,,,,,,
40,2021-10-26,149.330002,150.839996,149.009995,149.320007,147.230179,60893400,,,,,,,,,,,,
41,2021-10-27,149.360001,149.729996,148.490005,148.850006,146.766739,56094900,,,,,,,,,,,,
42,2021-10-28,149.820007,153.169998,149.720001,152.570007,150.434677,100077900,,,,,,,,,,,,
43,2021-10-29,147.220001,149.940002,146.410004,149.800003,147.703461,124953200,,,,,,,,,,,,
44,2021-11-01,148.990005,149.699997,147.800003,148.960007,146.875198,74588300,,,,,,,,,,,,
45,2021-11-02,148.660004,151.570007,148.649994,150.020004,147.920364,69122000,,,,,,,,,,,,
46,2021-11-03,150.389999,151.970001,149.820007,151.490005,149.369812,54511500,,,,,,,,,,,,
47,2021-11-04,151.580002,152.429993,150.639999,150.960007,148.847229,60394600,,,,,,,,,,,,
48,2021-11-05,151.889999,152.199997,150.059998,151.279999,149.380432,65463900,,,,,,,,,,,,
49,2021-11-08,151.410004,151.570007,150.160004,150.440002,148.550964,55020900,,,,,,,,,,,,
50,2021-11-09,150.199997,151.429993,150.059998,150.809998,148.916321,56787900,,,,,,,,,,,,
51,2021-11-10,150.020004,150.130005,147.850006,147.919998,146.062607,65187100,,,,,,,,,,,,
52,2021-11-11,148.960007,149.429993,147.679993,147.869995,146.013229,41000000,,,,,,,,,,,,
53,2021-11-12,148.429993,150.399994,147.479996,149.990005,148.106628,63804000,,,,,,,,,,,,
54,2021-11-15,150.369995,151.880005,149.429993,150.0,148.116486,59222800,,,,,,,,,,,,
55,2021-11-16,149.940002,151.490005,149.339996,151.0,149.103958,59256200,,,,,,,,,,,,
56,2021-11-17,151.0,155.0,150.990005,153.490005,151.562668,88807000,,,,,,,,,,,,
57,2021-11-18,153.710007,158.669998,153.050003,157.869995,155.88765,137827700,,,,,,,,,,,,
58,2021-11-19,157.649994,161.020004,156.529999,160.550003,158.534042,117305600,,,,,,,,,,,,
59,2021-11-22,161.679993,165.699997,161.0,161.020004,158.998154,117467900,,,,,,,,,,,,
60,2021-11-23,161.119995,161.800003,159.059998,161.410004,159.383224,96041900,,,,,,,,,,,,
61,2021-11-24,160.75,162.139999,159.639999,161.940002,159.906586,69463600,,,,,,,,,,,,
62,2021-11-26,159.570007,160.449997,156.360001,156.809998,154.840988,76959800,,,,,,,,,,,,
63,2021-11-29,159.369995,161.190002,158.789993,160.240005,158.227921,88748200,,,,,,,,,,,,
64,2021-11-30,159.990005,165.520004,159.919998,165.300003,163.22438,174048100,,,,,,,,,,,,
65,2021-12-01,167.479996,170.300003,164.529999,164.770004,162.70105,152052500,,,,,,,,,,,,
66,2021-12-02,158.740005,164.199997,157.800003,163.759995,161.70372,136739200,,,,,,,,,,,,
67,2021-12-03,164.020004,164.960007,159.720001,161.839996,159.807831,118023100,,,,,,,,,,,,
68,2021-12-06,164.289993,167.880005,164.279999,165.320007,163.244141,107497000,,,,,,,,,,,,
69,2021-12-07,169.080002,171.580002,168.339996,171.179993,169.030563,120405400,,,,,,,,,,,,
70,2021-12-08,172.130005,175.960007,170.699997,175.080002,172.881592,116998900,,,,,,,,,,,,
71,2021-12-09,174.910004,176.75,173.919998,174.559998,172.368103,108923700,,,,,,,,,,,,
72,2021-12-10,175.210007,179.630005,174.690002,179.449997,177.196701,115402700,,,,,,,,,,,,
73,2021-12-13,181.119995,182.130005,175.529999,175.740005,173.533264,153237000,,,,,,,,,,,,
74,2021-12-14,175.25,177.740005,172.210007,174.330002,172.141006,139380400,,,,,,,,,,,,
75,2021-12-15,175.110001,179.5,172.309998,179.300003,177.048615,131063300,,,,,,,,,,,,
76,2021-12-16,179.279999,181.139999,170.75,172.259995,170.096954,150185800,,,,,,,,,,,,
77,2021-12-17,169.929993,173.470001,169.690002,171.139999,168.991043,195432700,,,,,,,,,,,,
78,2021-12-20,168.279999,170.580002,167.460007,169.75,167.6185,107499100,,,,,,,,,,,,
79,2021-12-21,171.559998,173.199997,169.119995,172.990005,170.817841,91185900,,,,,,,,,,,,
80,2021-12-22,173.039993,175.860001,172.149994,175.639999,173.43454,92135300,,,,,,,,,,,,
81,2021-12-23,175.850006,176.850006,175.270004,176.279999,174.066483,68356600,,,,,,,,,,,,
82,2021-12-27,177.089996,180.419998,177.070007,180.330002,178.065674,74919600,,,,,,,,,,,,
83,2021-12-28,180.160004,181.330002,178.529999,179.289993,177.038696,79144300,,,,,,,,,,,,
84,2021-12-29,179.330002,180.630005,178.139999,179.380005,177.127594,62348900,,,,,,,,,,,,
85,2021-12-30,179.470001,180.570007,178.089996,178.199997,175.962402,59773000,,,,,,,,,,,,
86,2021-12-31,178.089996,179.229996,177.259995,177.570007,175.340332,64062300,,,,,,,,,,,,
87,2022-01-03,177.830002,182.880005,177.710007,182.009995,179.724533,104487900,,,,,,,,,,,,
88,2022-01-04,182.630005,182.940002,179.119995,179.699997,177.443558,99310400,,,,,,,,,,,,
89,2022-01-05,179.610001,180.169998,174.639999,174.919998,172.723587,94537600,,,,,,,,,,,,
90,2022-01-06,172.699997,175.300003,171.639999,172.0,169.840256,96904000,,,,,,,,,,,,
91,2022-01-07,172.889999,174.139999,171.029999,172.169998,170.008118,86709100,,,,,,,,,,,,
92,2022-01-10,169.080002,172.5,168.169998,172.190002,170.027863,106765600,,,,,,,,,,,,
93,2022-01-11,172.320007,175.179993,170.820007,175.080002,172.881592,76138300,,,,,,,,,,,,
94,2022-01-12,176.119995,177.179993,174.820007,175.529999,173.325912,74805200,,,,,,,,,,,,
95,2022-01-13,175.779999,176.619995,171.789993,172.190002,170.027863,84505800,,,,,,,,,,,,
96,2022-01-14,171.339996,173.779999,171.089996,173.070007,170.896835,80440800,,,,,,,,,,,,
97,2022-01-18,171.509995,172.539993,169.410004,169.800003,167.667892,90956700,,,,,,,,,,,,
98,2022-01-19,170.0,171.080002,165.940002,166.229996,164.142715,94815000,,,,,,,,,,,,
99,2022-01-20,166.979996,169.679993,164.179993,164.509995,162.444305,91420500,,,,,,,,,,,,
100,2022-01-21,164.419998,166.330002,162.300003,162.410004,160.370667,122848900,,,,,,,,,,,,
101,2022-01-24,160.020004,162.300003,154.699997,161.619995,159.590576,162294600,,,,,,,,,,,,
102,2022-01-25,158.979996,162.759995,157.020004,159.779999,157.773682,115798400,,,,,,,,,,,,
103,2022-01-26,163.5,164.389999,157.820007,159.690002,157.68483,108275300,,,,,,,,,,,,
104,2022-01-27,162.449997,163.839996,158.279999,159.220001,157.220734,121954600,,,,,,,,,,,,
105,2022-01-28,165.710007,170.350006,162.800003,170.330002,168.191238,179935700,,,,,,,,,,,,
106,2022-01-31,170.160004,175.0,169.509995,174.779999,172.585327,115541600,,,,,,,,,,,,
107,2022-02-01,174.009995,174.839996,172.309998,174.610001,172.417496,86213900,,,,,,,,,,,,
108,2022-02-02,174.75,175.880005,173.330002,175.839996,173.632019,84914300,,,,,,,,,,,,
109,2022-02-03,174.479996,176.240005,172.119995,172.899994,170.728943,89418100,,,,,,,,,,,,
110,2022-02-04,171.679993,174.100006,170.679993,172.389999,170.44223,82465400,,,,,,,,,,,,
111,2022-02-07,172.860001,173.949997,170.949997,171.660004,169.720474,77251200,,,,,,,,,,,,
112,2022-02-08,171.729996,175.350006,171.429993,174.830002,172.854675,74829200,,,,,,,,,,,,
113,2022-02-09,176.050003,176.649994,174.899994,176.279999,174.288254,71285000,,,,,,,,,,,,
114,2022-02-10,174.139999,175.479996,171.550003,172.119995,170.175278,90865900,,,,,,,,,,,,
115,2022-02-11,172.330002,173.080002,168.039993,168.639999,166.734604,98670700,,,,,,,,,,,,
116,2022-02-14,167.369995,169.580002,166.559998,168.880005,166.971909,86185500,,,,,,,,,,,,
117,2022-02-15,170.970001,172.949997,170.25,172.789993,170.837723,62527400,,,,,,,,,,,,
118,2022-02-16,171.850006,173.339996,170.050003,172.550003,170.600418,61177400,,,,,,,,,,,,
119,2022-02-17,171.029999,171.910004,168.470001,168.880005,166.971909,69589300,,,,,,,,,,,,
120,2022-02-18,169.820007,170.539993,166.190002,167.300003,165.40976,82772700,,,,,,,,,,,,
121,2022-02-22,164.979996,166.690002,162.149994,164.320007,162.463409,91162800,,,,,,,,,,,,
122,2022-02-23,165.539993,166.149994,159.75,160.070007,158.261444,90009200,,,,,,,,,,,,
123,2022-02-24,152.580002,162.850006,152.0,162.740005,160.901276,141147500,,,,,,,,,,,,
124,2022-02-25,163.839996,165.119995,160.869995,164.850006,162.987427,91974200,,,,,,,,,,,,
125,2022-02-28,163.059998,165.419998,162.429993,165.119995,163.254379,95056600,,,,,,,,,,,,
126,2022-03-01,164.699997,166.600006,161.970001,163.199997,161.356049,83474400,,,,,,,,,,,,
127,2022-03-02,164.389999,167.360001,162.949997,166.559998,164.678116,79724800,,,,,,,,,,,,
128,2022-03-03,168.470001,168.910004,165.550003,166.229996,164.351837,76678400,,,,,,,,,,,,
129,2022-03-04,164.490005,165.550003,162.100006,163.169998,161.326416,83737200,,,,,,,,,,,,
130,2022-03-07,163.360001,165.020004,159.039993,159.300003,157.500153,96418800,,,,,,,,,,,,
131,2022-03-08,158.820007,162.880005,155.800003,157.440002,155.661148,131148300,,,,,,,,,,,,
132,2022-03-09,161.479996,163.410004,159.410004,162.949997,161.108887,91454900,,,,,,,,,,,,
133,2022-03-10,160.199997,160.389999,155.979996,158.520004,156.728973,105342000,,,,,,,,,,,,
134,2022-03-11,158.929993,159.279999,154.5,154.729996,152.981766,96970100,,,,,,,,,,,,
135,2022-03-14,151.449997,154.119995,150.100006,150.619995,148.918198,108732100,,,,,,,,,,,,
136,2022-03-15,150.899994,155.570007,150.380005,155.089996,153.337692,92964300,,,,,,,,,,,,
137,2022-03-16,157.050003,160.0,154.460007,159.589996,157.786835,102300200,,,,,,,,,,,,
138,2022-03-17,158.610001,161.0,157.630005,160.619995,158.805237,75615400,,,,,,,,,,,,
139,2022-03-18,160.509995,164.479996,159.759995,163.979996,162.127228,123511700,,,,,,,,,,,,
140,2022-03-21,163.509995,166.350006,163.009995,165.380005,163.511429,95811400,,,,,,,,,,,,
141,2022-03-22,165.509995,169.419998,164.910004,168.820007,166.912582,81532000,,,,,,,,,,,,
142,2022-03-23,167.990005,172.639999,167.649994,170.210007,168.286865,98062700,,,,,,,,,,,,
143,2022-03-24,171.059998,174.139999,170.210007,174.070007,172.103256,90131400,,,,,,,,,,,,
144,2022-03-25,173.880005,175.279999,172.75,174.720001,172.745926,80546200,,,,,,,,,,,,
145,2022-03-28,172.169998,175.729996,172.0,175.600006,173.615967,90371900,,,,,,,,,,,,
146,2022-03-29,176.690002,179.009995,176.339996,178.960007,176.938019,100589400,,,,,,,,,,,,
147,2022-03-30,178.550003,179.610001,176.699997,177.770004,175.761459,92633200,,,,,,,,,,,,
148,2022-03-31,177.839996,178.029999,174.399994,174.610001,172.637161,103049300,,,,,,,,,,,,
149,2022-04-01,174.029999,174.880005,171.940002,174.309998,172.340546,78751300,,,,,,,,,,,,
150,2022-04-04,174.570007,178.490005,174.440002,178.440002,176.423889,76468400,,,,,,,,,,,,
151,2022-04-05,177.5,178.300003,174.419998,175.059998,173.082077,73401800,,,,,,,,,,,,
152,2022-04-06,172.360001,173.630005,170.130005,171.830002,169.88858,89058800,,,,,,,,,,,,
153,2022-04-07,171.160004,173.360001,169.850006,172.139999,170.195053,77594700,,,,,,,,,,,,
154,2022-04-08,171.779999,171.779999,169.199997,170.089996,168.168213,76575500,,,,,,,,,,,,
155,2022-04-11,168.710007,169.029999,165.5,165.75,163.877258,72246700,,,,,,,,,,,,
156,2022-04-12,168.020004,169.869995,166.639999,167.660004,165.765686,79265200,,,,,,,,,,,,
157,2022-04-13,167.389999,171.039993,166.770004,170.399994,168.474731,70618900,,,,,,,,,,,,
158,2022-04-14,170.619995,171.270004,165.039993,165.289993,163.42244,75329400,,,,,,,,,,,,
159,2022-04-18,163.919998,166.600006,163.570007,165.070007,163.204971,69023900,,,,,,,,,,,,
160,2022-04-19,165.020004,167.820007,163.910004,167.399994,165.508606,67723800,D,2022-04-19,2022-04-18,AAPL,O'Brien Deirdre,SVP,S - Sale+OE,$164.91,"-8,000","136,290",-6%,"-$1,319,305"
161,2022-04-20,168.759995,168.880005,166.100006,167.229996,165.34053,67929800,,,,,,,,,,,,
162,2022-04-21,168.910004,171.529999,165.910004,166.419998,164.539673,87227800,,,,,,,,,,,,
163,2022-04-22,166.460007,167.869995,161.5,161.789993,159.962006,84882400,,,,,,,,,,,,
164,2022-04-25,161.119995,163.169998,158.460007,162.880005,161.039673,96046400,,,,,,,,,,,,
165,2022-04-26,162.25,162.339996,156.720001,156.800003,155.028381,95623200,,,,,,,,,,,,
166,2022-04-27,155.910004,159.789993,155.380005,156.570007,154.800995,88063200,,,,,,,,,,,,
167,2022-04-28,159.25,164.520004,158.929993,163.639999,161.791092,130216800,,,,,,,,,,,,
168,2022-04-29,161.839996,166.199997,157.25,157.649994,155.868774,131747600,,,,,,,,,,,,
169,2022-05-02,156.710007,158.229996,153.270004,157.960007,156.175262,123055300,,,,,,,,,,,,
170,2022-05-03,158.149994,160.710007,156.320007,159.479996,157.678101,88966500,,,,,,,,,,,,
171,2022-05-04,159.669998,166.479996,159.259995,166.020004,164.144226,108256500,,,,,,,,,,,,
172,2022-05-05,163.850006,164.080002,154.949997,156.770004,154.998749,130525300,,,,,,,,,,,,
173,2022-05-06,156.009995,159.440002,154.179993,157.279999,155.731415,116124600,,2022-05-06,2022-05-04,AAPL,Adams Katherine L.,"SVP, GC, Secretary",S - Sale,$161.72,"-25,000","452,334",-5%,"-$4,042,888"
174,2022-05-09,154.929993,155.830002,151.490005,152.059998,150.562836,131577900,,,,,,,,,,,,
175,2022-05-10,155.520004,156.740005,152.929993,154.509995,152.988708,115366700,,,,,,,,,,,,
176,2022-05-11,153.5,155.449997,145.809998,146.5,145.057571,142689800,,,,,,,,,,,,
177,2022-05-12,142.770004,146.199997,138.800003,142.559998,141.156342,182602000,,,,,,,,,,,,
178,2022-05-13,144.589996,148.100006,143.110001,147.110001,145.661545,113990900,,,,,,,,,,,,
179,2022-05-16,145.550003,147.520004,144.179993,145.539993,144.107025,86643800,,,,,,,,,,,,
180,2022-05-17,148.860001,149.770004,146.679993,149.240005,147.770599,78336300,,,,,,,,,,,,
181,2022-05-18,146.850006,147.360001,139.899994,140.820007,139.433517,109742900,,,,,,,,,,,,
182,2022-05-19,139.880005,141.660004,136.600006,137.350006,135.997681,136095600,,,,,,,,,,,,
183,2022-05-20,139.089996,140.699997,132.610001,137.589996,136.235291,137426100,,,,,,,,,,,,
184,2022-05-23,137.789993,143.259995,137.649994,143.110001,141.700943,117726300,,,,,,,,,,,,
185,2022-05-24,140.809998,141.970001,137.330002,140.360001,138.978012,104132700,,,,,,,,,,,,
186,2022-05-25,138.429993,141.789993,138.339996,140.520004,139.136444,92482700,,,,,,,,,,,,
187,2022-05-26,137.389999,144.339996,137.139999,143.779999,142.364334,90601500,,,,,,,,,,,,
188,2022-05-27,145.389999,149.679993,145.259995,149.639999,148.166641,90978500,,,,,,,,,,,,
189,2022-05-31,149.070007,150.660004,146.839996,148.839996,147.374542,103718400,,,,,,,,,,,,
190,2022-06-01,149.899994,151.740005,147.679993,148.710007,147.245804,74286600,,,,,,,,,,,,
191,2022-06-02,147.830002,151.270004,146.860001,151.210007,149.721222,72348100,,,,,,,,,,,,
192,2022-06-03,146.899994,147.970001,144.460007,145.380005,143.948608,88570300,,,,,,,,,,,,
193,2022-06-06,147.029999,148.570007,144.899994,146.139999,144.701096,71598400,,,,,,,,,,,,
194,2022-06-07,144.350006,149.0,144.100006,148.710007,147.245804,67808200,,,,,,,,,,,,
195,2022-06-08,148.580002,149.869995,147.460007,147.960007,146.50322,53950200,,,,,,,,,,,,
196,2022-06-09,147.080002,147.949997,142.529999,142.639999,141.235565,69473000,,,,,,,,,,,,
197,2022-06-10,140.279999,140.759995,137.059998,137.130005,135.779831,91437900,,,,,,,,,,,,
198,2022-06-13,132.869995,135.199997,131.440002,131.880005,130.581512,122207100,,,,,,,,,,,,
199,2022-06-14,133.130005,133.889999,131.479996,132.759995,131.452835,84784300,,,,,,,,,,,,
200,2022-06-15,134.289993,137.339996,132.160004,135.429993,134.096558,91533000,,,,,,,,,,,,
201,2022-06-16,132.080002,132.389999,129.039993,130.059998,128.779419,108123900,,,,,,,,,,,,
202,2022-06-17,130.070007,133.080002,129.809998,131.559998,130.264664,134520300,,,,,,,,,,,,
203,2022-06-21,133.419998,137.059998,133.320007,135.869995,134.532227,81000500,,,,,,,,,,,,
204,2022-06-22,134.789993,137.759995,133.910004,135.350006,134.017365,73409200,,,,,,,,,,,,
205,2022-06-23,136.820007,138.589996,135.630005,138.270004,136.908585,72433800,,,,,,,,,,,,
206,2022-06-24,139.899994,141.910004,139.770004,141.660004,140.265228,89116800,,,,,,,,,,,,
207,2022-06-27,142.699997,143.490005,140.970001,141.660004,140.265228,70207900,,,,,,,,,,,,
208,2022-06-28,142.130005,143.419998,137.320007,137.440002,136.086777,67083400,,,,,,,,,,,,
209,2022-06-29,137.460007,140.669998,136.669998,139.229996,137.859146,66242400,,,,,,,,,,,,
210,2022-06-30,137.25,138.369995,133.770004,136.720001,135.373856,98964500,,,,,,,,,,,,
211,2022-07-01,136.039993,139.039993,135.660004,138.929993,137.562088,71051600,,,,,,,,,,,,
212,2022-07-05,137.770004,141.610001,136.929993,141.559998,140.166183,73353800,,,,,,,,,,,,
213,2022-07-06,141.350006,144.119995,141.080002,142.919998,141.512833,74064300,,,,,,,,,,,,
214,2022-07-07,143.289993,146.550003,143.279999,146.350006,144.909042,66253700,,,,,,,,,,,,
215,2022-07-08,145.259995,147.550003,145.0,147.039993,145.592224,64547800,,,,,,,,,,,,
216,2022-07-11,145.669998,146.639999,143.779999,144.869995,143.443604,63141600,,,,,,,,,,,,
217,2022-07-12,145.759995,148.449997,145.050003,145.860001,144.423859,77588800,,,,,,,,,,,,
218,2022-07-13,142.990005,146.449997,142.119995,145.490005,144.057526,71185600,,,,,,,,,,,,
219,2022-07-14,144.080002,148.949997,143.25,148.470001,147.008179,78140700,,,,,,,,,,,,
220,2022-07-15,149.779999,150.860001,148.199997,150.169998,148.691437,76259900,,,,,,,,,,,,
221,2022-07-18,150.740005,151.570007,146.699997,147.070007,145.621964,81420900,,,,,,,,,,,,
222,2022-07-19,147.919998,151.229996,146.910004,151.0,149.513275,82982400,,,,,,,,,,,,
223,2022-07-20,151.119995,153.720001,150.369995,153.039993,151.533173,64823400,,,,,,,,,,,,
224,2022-07-21,154.5,155.570007,151.940002,155.350006,153.820435,65086600,,,,,,,,,,,,
225,2022-07-22,155.389999,156.279999,153.410004,154.089996,152.57283,66675400,,,,,,,,,,,,
226,2022-07-25,154.009995,155.039993,152.279999,152.949997,151.444046,53623900,,,,,,,,,,,,
227,2022-07-26,152.259995,153.089996,150.800003,151.600006,150.107361,55138700,,,,,,,,,,,,
228,2022-07-27,152.580002,157.330002,152.160004,156.789993,155.246246,78620700,,,,,,,,,,,,
229,2022-07-28,156.979996,157.639999,154.410004,157.350006,155.800751,81378700,,,,,,,,,,,,
230,2022-07-29,161.240005,163.630005,159.5,162.509995,160.909943,101786900,,,,,,,,,,,,
231,2022-08-01,161.009995,163.589996,160.889999,161.509995,159.919754,67829400,,,,,,,,,,,,
232,2022-08-02,160.100006,162.410004,159.630005,160.009995,158.434555,59907000,,,,,,,,,,,,
233,2022-08-03,160.839996,166.589996,160.75,166.130005,164.494293,82507500,,,,,,,,,,,,
234,2022-08-04,166.009995,167.190002,164.429993,165.809998,164.17746,55474100,,,,,,,,,,,,
235,2022-08-05,163.210007,165.850006,163.0,165.350006,163.949387,56697000,,2022-08-05,2022-08-03,AAPL,Adams Katherine L.,"SVP, GC, Secretary",S - Sale,$164.77,"-25,000","427,334",-6%,"-$4,119,155"
236,2022-08-08,166.369995,167.809998,164.199997,164.869995,163.47345,60276900,,,,,,,,,,,,
237,2022-08-09,164.020004,165.820007,163.25,164.919998,163.523026,63135500,,,,,,,,,,,,
238,2022-08-10,167.679993,169.339996,166.899994,169.240005,167.806458,70170500,,,,,,,,,,,,
239,2022-08-11,170.059998,170.990005,168.190002,168.490005,167.06282,57149200,,,,,,,,,,,,
240,2022-08-12,169.820007,172.169998,169.399994,172.100006,170.642227,68039400,,,,,,,,,,,,
241,2022-08-15,171.520004,173.389999,171.350006,173.190002,171.722977,54091700,,,,,,,,,,,,
242,2022-08-16,172.779999,173.710007,171.660004,173.029999,171.564362,56377100,,,,,,,,,,,,
243,2022-08-17,172.770004,176.149994,172.570007,174.550003,173.071457,79542000,,,,,,,,,,,,
244,2022-08-18,173.75,174.899994,173.119995,174.149994,172.67485,62290100,,,,,,,,,,,,
245,2022-08-19,173.029999,173.740005,171.309998,171.520004,170.067154,70346300,,2022-08-19,2022-08-17,AAPL,Maestri Luca,"SVP, CFO",S - Sale,$174.96,"-96,735","110,673",-47%,"-$16,924,259"
246,2022-08-22,169.690002,169.860001,167.139999,167.570007,166.150604,69026800,A,2022-08-22,2022-08-17,AAPL,Maestri Luca,"SVP, CFO",S - Sale,$174.96,"-96,735","110,673",-47%,"-$16,924,259"
247,2022-08-23,167.080002,168.710007,166.649994,167.229996,165.813461,54147100,,,,,,,,,,,,
248,2022-08-24,167.320007,168.110001,166.25,167.529999,166.110901,53841500,,,,,,,,,,,,
249,2022-08-25,168.779999,170.139999,168.350006,170.029999,168.589752,51218200,,,,,,,,,,,,
250,2022-08-26,170.570007,171.050003,163.559998,163.619995,162.234055,78961000,,,,,,,,,,,,
251,2022-08-29,161.149994,162.899994,159.820007,161.380005,160.013016,73314000,,,,,,,,,,,,
252,2022-08-30,162.130005,162.559998,157.720001,158.910004,157.56395,77906200,,,,,,,,,,,,
253,2022-08-31,160.309998,160.580002,157.139999,157.220001,155.88826,87991100,,,,,,,,,,,,
254,2022-09-01,156.639999,158.419998,154.669998,157.960007,156.621979,74229900,,,,,,,,,,,,
255,2022-09-02,159.75,160.360001,154.970001,155.809998,154.490204,76957800,,,,,,,,,,,,
256,2022-09-06,156.470001,157.089996,153.690002,154.529999,153.221069,73714800,,,,,,,,,,,,
257,2022-09-07,154.820007,156.669998,153.610001,155.960007,154.638931,87449600,,,,,,,,,,,,
258,2022-09-08,154.639999,156.360001,152.679993,154.460007,153.151657,84923800,,,,,,,,,,,,
259,2022-09-09,155.470001,157.820007,154.75,157.369995,156.036987,68028800,,,,,,,,,,,,
260,2022-09-12,159.589996,164.259995,159.300003,163.429993,162.045639,104956000,,,,,,,,,,,,
261,2022-09-13,159.899994,160.539993,153.369995,153.839996,152.53688,122656600,,,,,,,,,,,,
262,2022-09-14,154.789993,157.100006,153.610001,155.309998,153.994446,87965400,,,,,,,,,,,,
263,2022-09-15,154.649994,155.240005,151.380005,152.369995,151.07933,90481100,,,,,,,,,,,,
264,2022-09-16,151.210007,151.350006,148.369995,150.699997,149.423492,162278800,,,,,,,,,,,,
265,2022-09-19,149.309998,154.559998,149.100006,154.479996,153.171463,81474200,,,,,,,,,,,,
266,2022-09-20,153.399994,158.080002,153.080002,156.899994,155.570969,107689800,,,,,,,,,,,,
267,2022-09-21,157.339996,158.740005,153.600006,153.720001,152.417892,101696800,,,,,,,,,,,,
268,2022-09-22,152.380005,154.470001,150.910004,152.740005,151.446213,86652500,,,,,,,,,,,,
269,2022-09-23,151.190002,151.470001,148.559998,150.429993,149.155762,96029900,,,,,,,,,,,,
270,2022-09-26,149.660004,153.770004,149.639999,150.770004,149.492889,93339400,,,,,,,,,,,,
271,2022-09-27,152.740005,154.720001,149.949997,151.759995,150.474503,84442700,,,,,,,,,,,,
272,2022-09-28,147.639999,150.639999,144.839996,149.839996,148.570755,146691400,,,,,,,,,,,,
273,2022-09-29,146.100006,146.720001,140.679993,142.479996,141.273102,128138200,,,,,,,,,,,,
274,2022-09-30,141.279999,143.100006,138.0,138.199997,137.029358,124925300,,,,,,,,,,,,
275,2022-10-03,138.210007,143.070007,137.690002,142.449997,141.243362,114311700,,,,,,,,,,,,
276,2022-10-04,145.029999,146.220001,144.259995,146.100006,144.862442,87830100,D,2022-10-04,2022-10-03,AAPL,O'Brien Deirdre,SVP,S - Sale+OE,$142.16,"-176,299","136,290",-56%,"-$25,062,882"
277,2022-10-04,145.029999,146.220001,144.259995,146.100006,144.862442,87830100,D,2022-10-04,2022-10-03,AAPL,Adams Katherine L.,"SVP, GC, Secretary",S - Sale+OE,$141.41,"-181,139","427,334",-30%,"-$25,615,117"
278,2022-10-05,144.070007,147.380005,143.009995,146.399994,145.159912,79471000,,,,,,,,,,,,
279,2022-10-06,145.809998,147.539993,145.220001,145.429993,144.198135,68402200,,,,,,,,,,,,
280,2022-10-07,142.539993,143.100006,139.449997,140.089996,138.903366,85925600,,,,,,,,,,,,
281,2022-10-10,140.419998,141.889999,138.570007,140.419998,139.23056,74899000,,,,,,,,,,,,
282,2022-10-11,139.899994,141.350006,138.220001,138.979996,137.802734,77033700,,,,,,,,,,,,
283,2022-10-12,139.130005,140.360001,138.160004,138.339996,137.168182,70433700,,,,,,,,,,,,
284,2022-10-13,134.990005,143.589996,134.369995,142.990005,141.778809,113224000,,,,,,,,,,,,
285,2022-10-14,144.309998,144.520004,138.190002,138.380005,137.20784,88598000,,,,,,,,,,,,
286,2022-10-17,141.070007,142.899994,140.270004,142.410004,141.203705,85250900,,,,,,,,,,,,
287,2022-10-18,145.490005,146.699997,140.610001,143.75,142.532349,99136600,D,2022-10-18,2022-10-17,AAPL,O'Brien Deirdre,SVP,S - Sale+OE,$142.45,"-8,053","136,290",-6%,"-$1,147,150"
288,2022-10-19,141.690002,144.949997,141.5,143.860001,142.641418,61758300,,,,,,,,,,,,
289,2022-10-20,143.020004,145.889999,142.649994,143.389999,142.1754,64522000,,,,,,,,,,,,
290,2022-10-21,142.869995,147.850006,142.649994,147.270004,146.022537,86548600,,,,,,,,,,,,
291,2022-10-24,147.190002,150.229996,146.0,149.449997,148.184067,75981900,,,,,,,,,,,,
292,2022-10-25,150.089996,152.490005,149.360001,152.339996,151.049606,74732300,,,,,,,,,,,,
293,2022-10-26,150.960007,151.990005,148.039993,149.350006,148.084915,88194300,,,,,,,,,,,,
294,2022-10-27,148.070007,149.050003,144.130005,144.800003,143.573456,109180200,,,,,,,,,,,,
295,2022-10-28,148.199997,157.5,147.820007,155.740005,154.420807,164762400,,,,,,,,,,,,
296,2022-10-31,153.160004,154.240005,151.919998,153.339996,152.041122,97943200,,,,,,,,,,,,
297,2022-11-01,155.080002,155.449997,149.130005,150.649994,149.373901,80379300,,2022-11-01,2022-10-28,AAPL,Maestri Luca,"SVP, CFO",S - Sale,$155.95,"-176,299","110,673",-61%,"-$27,493,275"
298,2022-11-02,148.949997,152.169998,145.0,145.029999,143.801498,93604600,,,,,,,,,,,,
299,2022-11-03,142.059998,142.800003,138.75,138.880005,137.703598,97918500,,,,,,,,,,,,
300,2022-11-04,142.089996,142.669998,134.380005,138.380005,137.435455,140814800,,,,,,,,,,,,
301,2022-11-07,137.110001,139.149994,135.669998,138.919998,137.971756,83374600,,,,,,,,,,,,
302,2022-11-08,140.410004,141.429993,137.490005,139.5,138.547806,89908500,,,,,,,,,,,,
303,2022-11-09,138.5,138.550003,134.589996,134.869995,133.949417,74917800,,,,,,,,,,,,
304,2022-11-10,141.240005,146.869995,139.5,146.869995,145.867477,118854000,,,,,,,,,,,,
305,2022-11-11,145.820007,150.009995,144.369995,149.699997,148.678192,93979700,,,,,,,,,,,,
306,2022-11-14,148.970001,150.279999,147.429993,148.279999,147.267868,73374100,,,,,,,,,,,,
307,2022-11-15,152.220001,153.589996,148.559998,150.039993,149.015869,89868300,,,,,,,,,,,,
308,2022-11-16,149.130005,149.869995,147.289993,148.789993,147.774368,64218300,,,,,,,,,,,,
309,2022-11-17,146.429993,151.479996,146.149994,150.720001,149.691238,80389400,,,,,,,,,,,,
310,2022-11-18,152.309998,152.699997,149.970001,151.289993,150.257324,74829600,,,,,,,,,,,,
311,2022-11-21,150.160004,150.369995,147.720001,148.009995,146.99971,58724100,,,,,,,,,,,,
312,2022-11-22,148.130005,150.419998,146.929993,150.179993,149.154892,51804100,,,,,,,,,,,,
313,2022-11-23,149.449997,151.830002,149.339996,151.070007,150.038849,58301400,,2022-11-23,2022-11-22,AAPL,Kondo Chris,Principal Accounting Officer,S - Sale,$148.72,"-20,200","31,505",-39%,"-$3,004,144"
314,2022-11-25,148.309998,148.880005,147.119995,148.110001,147.099045,35195900,,,,,,,,,,,,
315,2022-11-28,145.139999,146.639999,143.380005,144.220001,143.235596,69246000,,,,,,,,,,,,
316,2022-11-29,144.289993,144.809998,140.350006,141.169998,140.206406,83763800,,,,,,,,,,,,
317,2022-11-30,141.399994,148.720001,140.550003,148.029999,147.019592,111380900,,,,,,,,,,,,
318,2022-12-01,148.210007,149.130005,146.610001,148.309998,147.297668,71250400,,,,,,,,,,,,
319,2022-12-02,145.960007,148.0,145.649994,147.809998,146.801086,65447400,,,,,,,,,,,,
320,2022-12-05,147.770004,150.919998,145.770004,146.630005,145.62915,68826400,,,,,,,,,,,,
321,2022-12-06,147.070007,147.300003,141.919998,142.910004,141.934525,64727200,,,,,,,,,,,,
322,2022-12-07,142.190002,143.369995,140.0,140.940002,139.977997,69721100,,,,,,,,,,,,
323,2022-12-08,142.360001,143.520004,141.100006,142.649994,141.6763,62128300,,,,,,,,,,,,
324,2022-12-09,142.339996,145.570007,140.899994,142.160004,141.189651,76097000,,,,,,,,,,,,
325,2022-12-12,142.699997,144.5,141.059998,144.490005,143.503754,70462700,,,,,,,,,,,,
326,2022-12-13,149.5,149.970001,144.240005,145.470001,144.477051,93886200,,,,,,,,,,,,
327,2022-12-14,145.350006,146.660004,141.160004,143.210007,142.232498,82291200,,,,,,,,,,,,
328,2022-12-15,141.110001,141.800003,136.029999,136.5,135.568298,98931900,,,,,,,,,,,,
329,2022-12-16,136.690002,137.649994,133.729996,134.509995,133.591858,160156900,,,,,,,,,,,,
330,2022-12-19,135.110001,135.199997,131.320007,132.369995,131.466476,79592600,,,,,,,,,,,,
331,2022-12-20,131.389999,133.25,129.889999,132.300003,131.396942,77432800,,,,,,,,,,,,
332,2022-12-21,132.979996,136.809998,132.75,135.449997,134.525436,85928000,,,,,,,,,,,,
333,2022-12-22,134.350006,134.559998,130.300003,132.229996,131.327408,77852100,,,,,,,,,,,,
334,2022-12-23,130.919998,132.419998,129.639999,131.860001,130.959961,63814900,,,,,,,,,,,,
335,2022-12-27,131.380005,131.410004,128.720001,130.029999,129.142426,69007800,,,,,,,,,,,,
336,2022-12-28,129.669998,131.029999,125.870003,126.040001,125.17968,85438400,,,,,,,,,,,,
337,2022-12-29,127.989998,130.479996,127.730003,129.610001,128.725296,75703700,,,,,,,,,,,,
338,2022-12-30,128.410004,129.949997,127.43,129.929993,129.043106,77034200,,,,,,,,,,,,
339,2023-01-03,130.279999,130.899994,124.169998,125.07,124.216301,112117500,,,,,,,,,,,,
340,2023-01-04,126.889999,128.660004,125.080002,126.360001,125.497498,89113600,,,,,,,,,,,,
341,2023-01-05,127.129997,127.769997,124.760002,125.019997,124.166641,80962700,,,,,,,,,,,,
342,2023-01-06,126.010002,130.289993,124.889999,129.619995,128.735229,87754700,,,,,,,,,,,,
343,2023-01-09,130.470001,133.410004,129.889999,130.149994,129.261627,70790800,,,,,,,,,,,,
344,2023-01-10,130.259995,131.259995,128.119995,130.729996,129.837646,63896200,,,,,,,,,,,,
345,2023-01-11,131.25,133.509995,130.460007,133.490005,132.578827,69458900,,,,,,,,,,,,
346,2023-01-12,133.880005,134.259995,131.440002,133.410004,132.499374,71379600,,,,,,,,,,,,
347,2023-01-13,132.029999,134.919998,131.660004,134.759995,133.840149,57809700,,,,,,,,,,,,
348,2023-01-17,134.830002,137.289993,134.130005,135.940002,135.0121,63646600,,,,,,,,,,,,
349,2023-01-18,136.820007,138.610001,135.029999,135.210007,134.287094,69672800,,,,,,,,,,,,
350,2023-01-19,134.080002,136.25,133.770004,135.270004,134.346664,58280400,,,,,,,,,,,,
351,2023-01-20,135.279999,138.020004,134.220001,137.869995,136.928925,80223600,,,,,,,,,,,,
352,2023-01-23,138.119995,143.320007,137.899994,141.110001,140.146835,81760300,,,,,,,,,,,,
353,2023-01-24,140.309998,143.160004,140.300003,142.529999,141.557129,66435100,,,,,,,,,,,,
354,2023-01-25,140.889999,142.429993,138.809998,141.860001,140.891708,65799300,,,,,,,,,,,,
355,2023-01-26,143.169998,144.25,141.899994,143.960007,142.977371,54105100,,,,,,,,,,,,
356,2023-01-27,143.160004,147.229996,143.080002,145.929993,144.933914,70555800,,,,,,,,,,,,
357,2023-01-30,144.960007,145.550003,142.850006,143.0,142.023926,64015300,,,,,,,,,,,,
358,2023-01-31,142.699997,144.339996,142.279999,144.289993,143.305099,65874500,,,,,,,,,,,,
359,2023-02-01,143.970001,146.610001,141.320007,145.429993,144.437332,77663600,,,,,,,,,,,,
360,2023-02-02,148.899994,151.179993,148.169998,150.820007,149.790558,118339000,,,,,,,,,,,,
361,2023-02-03,148.029999,157.380005,147.830002,154.5,153.445419,154357300,,,,,,,,,,,,
362,2023-02-06,152.570007,153.100006,150.779999,151.729996,150.694336,69858300,,,,,,,,,,,,
363,2023-02-07,150.639999,155.229996,150.639999,154.649994,153.594391,83322600,,,,,,,,,,,,
364,2023-02-08,153.880005,154.580002,151.169998,151.919998,150.883041,64120100,,,,,,,,,,,,
365,2023-02-09,153.779999,154.330002,150.419998,150.869995,149.840195,56007100,,,,,,,,,,,,
366,2023-02-10,149.460007,151.339996,149.220001,151.009995,150.208237,57450700,,,,,,,,,,,,
367,2023-02-13,150.949997,154.259995,150.919998,153.850006,153.033173,62199000,,,,,,,,,,,,
368,2023-02-14,152.119995,153.770004,150.860001,153.199997,152.386612,61707600,,,,,,,,,,,,
369,2023-02-15,153.110001,155.5,152.880005,155.330002,154.50531,65573800,,,,,,,,,,,,
370,2023-02-16,153.509995,156.330002,153.350006,153.710007,152.893906,68167900,,,,,,,,,,,,
371,2023-02-17,152.350006,153.0,150.850006,152.550003,151.740067,59144100,,,,,,,,,,,,
372,2023-02-21,150.199997,151.300003,148.410004,148.479996,147.691666,58867200,,,,,,,,,,,,
373,2023-02-22,148.869995,149.949997,147.160004,148.910004,148.119385,51011300,,,,,,,,,,,,
374,2023-02-23,150.089996,150.339996,147.240005,149.399994,148.606781,48394200,,,,,,,,,,,,
375,2023-02-24,147.110001,147.190002,145.720001,146.710007,145.931076,55469600,,,,,,,,,,,,
376,2023-02-27,147.710007,149.169998,147.449997,147.919998,147.134644,44998500,,,,,,,,,,,,
377,2023-02-28,147.050003,149.080002,146.830002,147.410004,146.62735,50547000,,,,,,,,,,,,
378,2023-03-01,146.830002,147.229996,145.009995,145.309998,144.538498,55479000,,,,,,,,,,,,
379,2023-03-02,144.380005,146.710007,143.899994,145.910004,145.13533,52238100,,,,,,,,,,,,
380,2023-03-03,148.039993,151.110001,147.330002,151.029999,150.228119,70732300,,,,,,,,,,,,
381,2023-03-06,153.789993,156.300003,153.460007,153.830002,153.013275,87558000,,,,,,,,,,,,
382,2023-03-07,153.699997,154.029999,151.130005,151.600006,150.795105,56182000,,,,,,,,,,,,
383,2023-03-08,152.809998,153.470001,151.830002,152.869995,152.05835,47204800,,,,,,,,,,,,
384,2023-03-09,153.559998,154.539993,150.229996,150.589996,149.790466,53833600,,,,,,,,,,,,
385,2023-03-10,150.210007,150.940002,147.610001,148.5,147.711548,68572400,,,,,,,,,,,,
386,2023-03-13,147.809998,153.139999,147.699997,150.470001,149.671112,84457100,,,,,,,,,,,,
387,2023-03-14,151.279999,153.399994,150.100006,152.589996,151.779831,73695900,,,,,,,,,,,,
388,2023-03-15,151.190002,153.25,149.919998,152.990005,152.177719,77167900,,,,,,,,,,,,
389,2023-03-16,152.160004,156.460007,151.639999,155.850006,155.022537,76161100,,,,,,,,,,,,
390,2023-03-17,156.080002,156.740005,154.279999,155.0,154.177048,98944600,,,,,,,,,,,,
391,2023-03-20,155.070007,157.820007,154.149994,157.399994,156.564316,73641400,,,,,,,,,,,,
392,2023-03-21,157.320007,159.399994,156.539993,159.279999,158.434326,73938300,,,,,,,,,,,,
393,2023-03-22,159.300003,162.139999,157.809998,157.830002,156.992035,75701800,,,,,,,,,,,,
394,2023-03-23,158.830002,161.550003,157.679993,158.929993,158.086182,67622100,,,,,,,,,,,,
395,2023-03-24,158.860001,160.339996,157.850006,160.25,159.39917,59196500,,2023-03-24,2023-03-22,AAPL,Williams Jeffrey E,COO,S - Sale,$159.76,"-187,730","489,816",-28%,"-$29,991,745"
396,2023-03-27,159.940002,160.770004,157.869995,158.279999,157.439636,52390300,,,,,,,,,,,,
397,2023-03-28,157.970001,158.490005,155.979996,157.649994,156.812973,45992200,,,,,,,,,,,,
398,2023-03-29,159.369995,161.050003,159.350006,160.770004,159.916428,51305700,,,,,,,,,,,,
399,2023-03-30,161.529999,162.470001,161.270004,162.360001,161.497971,49501700,,,,,,,,,,,,
400,2023-03-31,162.440002,165.0,161.910004,164.899994,164.02449,68749800,,,,,,,,,,,,
401,2023-04-03,164.270004,166.289993,164.220001,166.169998,165.28775,56976200,,,,,,,,,,,,
402,2023-04-04,166.600006,166.839996,165.110001,165.630005,164.750626,46278300,D,2023-04-04,2023-04-04,AAPL,Williams Jeffrey E,COO,S - Sale+OE,$166.11,"-77,817","489,816",-14%,"-$12,926,379"
403,2023-04-04,166.600006,166.839996,165.110001,165.630005,164.750626,46278300,D,2023-04-04,2023-04-03,AAPL,O'Brien Deirdre,SVP,S - Sale+OE,$165.41,"-43,622","136,444",-24%,"-$7,215,444"
404,2023-04-04,166.600006,166.839996,165.110001,165.630005,164.750626,46278300,D,2023-04-04,2023-04-03,AAPL,Cook Timothy D,CEO,S - Sale+OE,$165.17,"-56,072","3,280,052",-2%,"-$9,261,353"
405,2023-04-04,166.600006,166.839996,165.110001,165.630005,164.750626,46278300,D,2023-04-04,2023-04-03,AAPL,Adams Katherine L.,"SVP, GC, Secretary",S - Sale+OE,$165.30,"-72,225","425,213",-15%,"-$11,938,880"
406,2023-04-05,164.740005,165.050003,161.800003,163.759995,162.890549,51511700,,,,,,,,,,,,
407,2023-04-06,162.429993,164.960007,162.0,164.660004,163.785767,45390100,,,,,,,,,,,,
408,2023-04-10,161.419998,162.029999,160.080002,162.029999,161.169708,47716900,,2023-04-10,2023-04-06,AAPL,Maestri Luca,"SVP, CFO",S - Sale,$164.92,-200,"177,657",0%,"-$32,984"
409,2023-04-11,162.350006,162.360001,160.509995,160.800003,159.946259,47644200,,,,,,,,,,,,
410,2023-04-12,161.220001,162.059998,159.779999,160.100006,159.249985,50133100,,,,,,,,,,,,
411,2023-04-13,161.630005,165.800003,161.419998,165.559998,164.681,68445600,,,,,,,,,,,,
412,2023-04-14,164.589996,166.320007,163.820007,165.210007,164.332855,49386500,,,,,,,,,,,,
413,2023-04-17,165.089996,165.389999,164.029999,165.229996,164.352737,41516200,,2023-04-17,2023-04-13,AAPL,Maestri Luca,"SVP, CFO",S - Sale,$165.25,"-69,996","107,661",-39%,"-$11,566,839"
414,2023-04-18,166.100006,167.410004,165.649994,166.470001,165.586151,49923000,,,,,,,,,,,,
415,2023-04-19,165.800003,168.160004,165.539993,167.630005,166.740005,47720200,,,,,,,,,,,,
416,2023-04-20,166.089996,167.869995,165.559998,166.649994,165.765182,52456400,,,,,,,,,,,,
417,2023-04-21,165.050003,166.449997,164.490005,165.020004,164.14386,58337300,,,,,,,,,,,,
418,2023-04-24,165.0,165.600006,163.889999,165.330002,164.452225,41949600,,,,,,,,,,,,
419,2023-04-25,165.190002,166.309998,163.729996,163.770004,162.900497,48714100,,,,,,,,,,,,
420,2023-04-26,163.059998,165.279999,162.800003,163.759995,162.890549,45498800,,,,,,,,,,,,
421,2023-04-27,165.190002,168.559998,165.190002,168.410004,167.515854,64902300,,,,,,,,,,,,
422,2023-04-28,168.490005,169.850006,167.880005,169.679993,168.779083,55209200,,,,,,,,,,,,
423,2023-05-01,169.279999,170.449997,168.639999,169.589996,168.68959,52472900,,,,,,,,,,,,
424,2023-05-02,170.089996,170.350006,167.539993,168.539993,167.645157,48425700,,,,,,,,,,,,
425,2023-05-03,169.5,170.919998,167.160004,167.449997,166.560944,65136000,,,,,,,,,,,,
426,2023-05-04,164.889999,167.039993,164.309998,165.789993,164.909744,81235400,,,,,,,,,,,,
427,2023-05-05,170.979996,174.300003,170.759995,173.570007,172.648483,113316400,,,,,,,,,,,,
428,2023-05-08,172.479996,173.850006,172.110001,173.5,172.578827,55962800,,,,,,,,,,,,
429,2023-05-09,173.050003,173.539993,171.600006,171.770004,170.858032,45326900,,,,,,,,,,,,
430,2023-05-10,173.020004,174.029999,171.899994,173.559998,172.638519,53724500,,2023-05-10,2023-05-08,AAPL,Kondo Chris,Principal Accounting Officer,S - Sale,$173.26,"-4,092","33,946",-11%,"-$708,980"
431,2023-05-11,173.850006,174.589996,172.169998,173.75,172.827484,49514700,,,,,,,,,,,,
432,2023-05-12,173.619995,174.059998,171.0,172.570007,171.891205,45497800,,,,,,,,,,,,
433,2023-05-15,173.160004,173.210007,171.470001,172.070007,171.393173,37266700,,,,,,,,,,,,
434,2023-05-16,171.990005,173.139999,171.800003,172.070007,171.393173,42110300,,,,,,,,,,,,
435,2023-05-17,171.710007,172.929993,170.419998,172.690002,172.010727,57951600,,,,,,,,,,,,
436,2023-05-18,173.0,175.240005,172.580002,175.050003,174.36145,65496700,,,,,,,,,,,,
437,2023-05-19,176.389999,176.389999,174.940002,175.160004,174.471008,55772400,,,,,,,,,,,,
438,2023-05-22,173.979996,174.710007,173.449997,174.199997,173.514786,43570900,,,,,,,,,,,,
439,2023-05-23,173.130005,173.380005,171.279999,171.559998,170.885162,50747300,,,,,,,,,,,,
440,2023-05-24,171.089996,172.419998,170.520004,171.839996,171.164063,45143500,,,,,,,,,,,,
441,2023-05-25,172.410004,173.899994,171.690002,172.990005,172.309555,56058300,,,,,,,,,,,,
442,2023-05-26,173.320007,175.770004,173.110001,175.429993,174.739929,54835000,,,,,,,,,,,,
443,2023-05-30,176.960007,178.990005,176.570007,177.300003,176.602585,55964400,,,,,,,,,,,,
444,2023-05-31,177.330002,179.350006,176.759995,177.25,176.55278,99625300,,,,,,,,,,,,
445,2023-06-01,177.699997,180.119995,176.929993,180.089996,179.381607,68901800,,,,,,,,,,,,
446,2023-06-02,181.029999,181.779999,179.259995,180.949997,180.23822,61945900,,,,,,,,,,,,
447,2023-06-05,182.630005,184.949997,178.039993,179.580002,178.873627,121946500,,,,,,,,,,,,
448,2023-06-06,179.970001,180.119995,177.429993,179.210007,178.505081,64848400,,,,,,,,,,,,
449,2023-06-07,178.440002,181.210007,177.320007,177.820007,177.120544,61944600,,,,,,,,,,,,
450,2023-06-08,177.899994,180.839996,177.460007,180.570007,179.859741,50214900,,,,,,,,,,,,
451,2023-06-09,181.5,182.229996,180.630005,180.960007,180.248184,48870700,,,,,,,,,,,,
452,2023-06-12,181.270004,183.889999,180.970001,183.789993,183.067062,54274900,,,,,,,,,,,,
453,2023-06-13,182.800003,184.149994,182.440002,183.309998,182.588943,54929100,,,,,,,,,,,,
454,2023-06-14,183.369995,184.389999,182.020004,183.949997,183.226425,57462900,,,,,,,,,,,,
455,2023-06-15,183.960007,186.520004,183.779999,186.009995,185.278336,65433200,,,,,,,,,,,,
456,2023-06-16,186.729996,186.990005,184.270004,184.919998,184.192627,101235600,,,,,,,,,,,,
457,2023-06-20,184.410004,186.100006,184.410004,185.009995,184.282257,49799100,,,,,,,,,,,,
458,2023-06-21,184.899994,185.410004,182.589996,183.960007,183.236404,49515700,,,,,,,,,,,,
459,2023-06-22,183.740005,187.050003,183.669998,187.0,186.264435,51245300,,,,,,,,,,,,
460,2023-06-23,185.550003,187.559998,185.009995,186.679993,185.945679,53079300,,,,,,,,,,,,
461,2023-06-26,186.830002,188.050003,185.229996,185.270004,184.541245,48088700,,,,,,,,,,,,
462,2023-06-27,185.889999,188.389999,185.669998,188.059998,187.320267,50730800,,,,,,,,,,,,
463,2023-06-28,187.929993,189.899994,187.600006,189.25,188.505585,51216800,,,,,,,,,,,,
464,2023-06-29,189.080002,190.070007,188.940002,189.589996,188.844254,46347300,,,,,,,,,,,,
465,2023-06-30,191.630005,194.479996,191.259995,193.970001,193.207016,85069600,,,,,,,,,,,,
466,2023-07-03,193.779999,193.880005,191.759995,192.460007,191.702957,31458200,,,,,,,,,,,,
467,2023-07-05,191.570007,192.979996,190.619995,191.330002,190.577408,46920300,,,,,,,,,,,,
468,2023-07-06,189.839996,192.020004,189.199997,191.809998,191.055511,45094300,,,,,,,,,,,,
469,2023-07-07,191.410004,192.669998,190.240005,190.679993,189.929932,46778000,,,,,,,,,,,,
470,2023-07-10,189.259995,189.990005,187.039993,188.610001,187.868088,59922200,,,,,,,,,,,,
471,2023-07-11,189.160004,189.300003,186.600006,188.080002,187.340195,46638100,,,,,,,,,,,,
472,2023-07-12,189.679993,191.699997,188.470001,189.770004,189.023544,60750200,,,,,,,,,,,,
473,2023-07-13,190.5,191.190002,189.779999,190.539993,189.790497,41342300,,,,,,,,,,,,
474,2023-07-14,190.229996,191.179993,189.630005,190.690002,189.939941,41573900,,,,,,,,,,,,
475,2023-07-17,191.899994,194.320007,191.809998,193.990005,193.226944,50520200,,,,,,,,,,,,
476,2023-07-18,193.350006,194.330002,192.419998,193.729996,192.967957,48353800,,,,,,,,,,,,
477,2023-07-19,193.100006,198.229996,192.649994,195.100006,194.332565,80507300,,,,,,,,,,,,
478,2023-07-20,195.089996,196.470001,192.5,193.130005,192.370331,59581200,,,,,,,,,,,,
479,2023-07-21,194.100006,194.970001,191.229996,191.940002,191.184998,71917800,,,,,,,,,,,,
480,2023-07-24,193.410004,194.910004,192.25,192.75,191.991821,45377800,,,,,,,,,,,,
481,2023-07-25,193.330002,194.440002,192.919998,193.619995,192.858398,37283200,,,,,,,,,,,,
482,2023-07-26,193.669998,195.639999,193.320007,194.5,193.734924,47471900,,,,,,,,,,,,
483,2023-07-27,196.020004,197.199997,192.550003,193.220001,192.459961,47460200,,,,,,,,,,,,
484,2023-07-28,194.669998,196.630005,194.139999,195.830002,195.059708,48291400,,,,,,,,,,,,
485,2023-07-31,196.059998,196.490005,195.259995,196.449997,195.677261,38824100,,,,,,,,,,,,
486,2023-08-01,196.240005,196.729996,195.279999,195.610001,194.840561,35175100,,,,,,,,,,,,
487,2023-08-02,195.039993,195.179993,191.850006,192.580002,191.822495,50389300,,,,,,,,,,,,
488,2023-08-03,191.570007,192.369995,190.690002,191.169998,190.41803,61235200,,,,,,,,,,,,
489,2023-08-04,185.520004,187.380005,181.919998,181.990005,181.274139,115799700,,,,,,,,,,,,
490,2023-08-07,182.130005,183.130005,177.350006,178.850006,178.146515,97576100,,,,,,,,,,,,
491,2023-08-08,179.690002,180.270004,177.580002,179.800003,179.092758,67823000,D,2023-08-08,2023-08-07,AAPL,O'Brien Deirdre,SVP,S - Sale+OE,$178.56,"-15,419","136,445",-10%,"-$2,753,217"
492,2023-08-09,180.869995,180.929993,177.009995,178.190002,177.489105,60378500,,,,,,,,,,,,
493,2023-08-10,179.479996,180.75,177.600006,177.970001,177.269943,54686900,,,,,,,,,,,,
494,2023-08-11,177.320007,178.619995,176.550003,177.789993,177.329788,51988100,,,,,,,,,,,,
495,2023-08-14,177.970001,179.690002,177.309998,179.460007,178.995499,43675600,,,,,,,,,,,,
496,2023-08-15,178.880005,179.479996,177.050003,177.449997,176.990677,43622600,,,,,,,,,,,,
497,2023-08-16,177.130005,178.539993,176.5,176.570007,176.112961,46964900,,,,,,,,,,,,
498,2023-08-17,177.139999,177.509995,173.479996,174.0,173.549622,66062900,,,,,,,,,,,,
499,2023-08-18,172.300003,175.100006,171.960007,174.490005,174.038361,61114200,,,,,,,,,,,,
500,2023-08-21,175.070007,176.130005,173.740005,175.839996,175.384842,46311900,,,,,,,,,,,,
501,2023-08-22,177.059998,177.679993,176.25,177.229996,176.771255,42084200,,,,,,,,,,,,
502,2023-08-23,178.520004,181.550003,178.330002,181.119995,180.651184,52722800,,,,,,,,,,,,
503,2023-08-24,180.669998,181.100006,176.009995,176.380005,175.923462,54945800,,,,,,,,,,,,
504,2023-08-25,177.380005,179.149994,175.820007,178.610001,178.14769,51449600,,,,,,,,,,,,
505,2023-08-28,180.089996,180.589996,178.550003,180.190002,179.723602,43820700,,,,,,,,,,,,
506,2023-08-29,179.699997,184.899994,179.5,184.119995,183.643402,53003900,,,,,,,,,,,,
507,2023-08-30,184.940002,187.850006,184.740005,187.649994,187.164276,60813900,,,,,,,,,,,,
508,2023-08-31,187.839996,189.119995,187.479996,187.869995,187.383698,60794500,,,,,,,,,,,,
509,2023-09-01,189.490005,189.919998,188.279999,189.460007,188.969589,45732600,,,,,,,,,,,,
510,2023-09-05,188.279999,189.979996,187.610001,189.699997,189.208969,45280000,,,,,,,,,,,,
511,2023-09-06,188.399994,188.850006,181.470001,182.910004,182.436539,81755800,,,,,,,,,,,,
512,2023-09-07,175.179993,178.210007,173.539993,177.559998,177.100388,112488800,,,,,,,,,,,,
513,2023-09-08,178.350006,180.240005,177.789993,178.179993,177.718781,65551300,,,,,,,,,,,,
514,2023-09-11,180.070007,180.300003,177.339996,179.360001,178.895737,58953100,,,,,,,,,,,,
515,2023-09-12,179.490005,180.130005,174.820007,176.300003,175.843674,90370200,,,,,,,,,,,,
516,2023-09-13,176.509995,177.300003,173.979996,174.210007,173.759079,84267900,,,,,,,,,,,,
517,2023-09-14,174.0,176.100006,173.580002,175.740005,175.28511,60895800,,,,,,,,,,,,
518,2023-09-15,176.479996,176.5,173.820007,175.009995,174.556992,109205100,,,,,,,,,,,,
519,2023-09-18,176.479996,179.380005,176.169998,177.970001,177.509338,67257600,,,,,,,,,,,,
520,2023-09-19,177.520004,179.630005,177.130005,179.070007,178.606491,51826900,,,,,,,,,,,,
521,2023-09-20,179.259995,179.699997,175.399994,175.490005,175.035751,58436200,,,,,,,,,,,,
522,2023-09-21,174.550003,176.300003,173.860001,173.929993,173.479782,63047900,,,,,,,,,,,,
523,2023-09-22,174.669998,177.080002,174.050003,174.789993,174.33757,56725400,,,,,,,,,,,,
524,2023-09-25,174.199997,176.970001,174.149994,176.080002,175.624237,46172700,,,,,,,,,,,,
525,2023-09-26,174.820007,175.199997,171.660004,171.960007,171.514893,64588900,,,,,,,,,,,,
526,2023-09-27,172.619995,173.039993,169.050003,170.429993,169.988846,66921800,,,,,,,,,,,,
527,2023-09-28,169.339996,172.029999,167.619995,170.690002,170.248184,56294400,,,,,,,,,,,,
528,2023-09-29,172.020004,173.070007,170.339996,171.210007,170.766846,51814200,,,,,,,,,,,,
529,2023-10-02,171.220001,174.300003,170.929993,173.75,173.300247,52164500,,,,,,,,,,,,
530,2023-10-03,172.259995,173.630005,170.820007,172.399994,171.953735,49594600,D,2023-10-03,2023-10-03,AAPL,O'Brien Deirdre,SVP,S - Sale+OE,$172.11,"-65,536","136,445",-32%,"-$11,279,673"
531,2023-10-03,172.259995,173.630005,170.820007,172.399994,171.953735,49594600,D,2023-10-03,2023-10-03,AAPL,Cook Timothy D,CEO,S - Sale+OE,$172.50,"-240,569","3,280,053",-7%,"-$41,498,284"
532,2023-10-03,172.259995,173.630005,170.820007,172.399994,171.953735,49594600,D,2023-10-03,2023-10-03,AAPL,Adams Katherine L.,"SVP, GC, Secretary",S - Sale+OE,$172.09,"-65,536","416,714",-14%,"-$11,278,365"
533,2023-10-04,171.089996,174.210007,170.970001,173.660004,173.210495,53020300,,,,,,,,,,,,
534,2023-10-05,173.789993,175.449997,172.679993,174.910004,174.45726,48527900,,,,,,,,,,,,
535,2023-10-06,173.800003,177.990005,173.179993,177.490005,177.030579,57224100,,,,,,,,,,,,
536,2023-10-09,176.809998,179.050003,175.800003,178.990005,178.526703,42390800,,,,,,,,,,,,
537,2023-10-10,178.100006,179.720001,177.949997,178.389999,177.928253,43698000,,2023-10-10,2023-10-06,AAPL,Williams Jeffrey E,COO,S - Sale,$177.00,"-69,785","489,817",-12%,"-$12,351,945"
538,2023-10-10,178.100006,179.720001,177.949997,178.389999,177.928253,43698000,M,2023-10-10,2023-10-06,AAPL,Maestri Luca,"SVP, CFO",S - Sale,$178.29,"-63,695","107,661",-37%,"-$11,356,182"
539,2023-10-11,178.199997,179.850006,177.600006,179.800003,179.334595,47551100,,,,,,,,,,,,
540,2023-10-12,180.070007,182.339996,179.039993,180.710007,180.242249,56743100,,,,,,,,,,,,
541,2023-10-13,181.419998,181.929993,178.139999,178.850006,178.38707,51427100,,,,,,,,,,,,
542,2023-10-16,176.75,179.080002,176.509995,178.720001,178.257385,52517000,,,,,,,,,,,,
543,2023-10-17,176.649994,178.419998,174.800003,177.149994,176.691452,57549400,,,,,,,,,,,,
544,2023-10-18,175.580002,177.580002,175.110001,175.839996,175.384842,54764400,,,,,,,,,,,,
545,2023-10-19,176.039993,177.839996,175.190002,175.460007,175.005844,59302900,,,,,,,,,,,,
546,2023-10-20,175.309998,175.419998,172.639999,172.880005,172.43251,64189300,,,,,,,,,,,,
547,2023-10-23,170.910004,174.009995,169.929993,173.0,172.5522,55980100,,,,,,,,,,,,
548,2023-10-24,173.050003,173.669998,171.449997,173.440002,172.991058,43816600,,,,,,,,,,,,
549,2023-10-25,171.880005,173.059998,170.649994,171.100006,170.65712,57157000,,,,,,,,,,,,
550,2023-10-26,170.369995,171.380005,165.669998,166.889999,166.458008,70625300,,,,,,,,,,,,
551,2023-10-27,166.910004,168.960007,166.830002,168.220001,167.784561,58499100,,,,,,,,,,,,
552,2023-10-30,169.020004,171.169998,168.869995,170.289993,169.849197,51131000,,,,,,,,,,,,
553,2023-10-31,169.350006,170.899994,167.899994,170.770004,170.327972,44846000,,,,,,,,,,,,
554,2023-11-01,171.0,174.229996,170.119995,173.970001,173.519684,56934900,,,,,,,,,,,,
555,2023-11-02,175.520004,177.779999,175.460007,177.570007,177.110367,77334800,,,,,,,,,,,,
556,2023-11-03,174.240005,176.820007,173.350006,176.649994,176.192734,79763700,,,,,,,,,,,,
557,2023-11-06,176.380005,179.429993,176.210007,179.229996,178.766068,63841300,,,,,,,,,,,,
558,2023-11-07,179.179993,182.440002,178.970001,181.820007,181.349365,70530000,,,,,,,,,,,,
559,2023-11-08,182.350006,183.449997,181.589996,182.889999,182.416595,49340300,,,,,,,,,,,,
560,2023-11-09,182.960007,184.119995,181.809998,182.410004,181.937836,53763500,,,,,,,,,,,,
561,2023-11-10,183.970001,186.570007,183.529999,186.399994,186.162445,66133400,,,,,,,,,,,,
562,2023-11-13,185.820007,186.029999,184.210007,184.800003,184.564499,43627500,,,,,,,,,,,,
563,2023-11-14,187.699997,188.110001,186.300003,187.440002,187.201126,60108400,,2023-11-14,2023-11-10,AAPL,Kondo Chris,Principal Accounting Officer,S - Sale,$184.04,"-4,806","34,687",-12%,"-$884,496"
564,2023-11-15,187.850006,189.5,187.779999,188.009995,187.770386,53790500,,,,,,,,,,,,
565,2023-11-16,189.570007,190.960007,188.649994,189.710007,189.468246,54412900,,,,,,,,,,,,
566,2023-11-17,190.25,190.380005,188.570007,189.690002,189.448257,50922700,,,,,,,,,,,,
567,2023-11-20,189.889999,191.910004,189.880005,191.449997,191.206009,46505100,,2023-11-20,2023-11-17,AAPL,Adams Katherine L.,"SVP, GC, Secretary",S - Sale,$188.79,"-123,448","293,266",-30%,"-$23,305,748"
568,2023-11-21,191.410004,191.520004,189.740005,190.639999,190.397049,38134500,,,,,,,,,,,,
569,2023-11-22,191.490005,192.929993,190.830002,191.309998,191.066193,39617700,,,,,,,,,,,,
570,2023-11-24,190.869995,190.899994,189.25,189.970001,189.727905,24048300,,,,,,,,,,,,
571,2023-11-27,189.919998,190.669998,188.899994,189.789993,189.548126,40552600,,,,,,,,,,,,
572,2023-11-28,189.779999,191.080002,189.399994,190.399994,190.157349,38415400,,,,,,,,,,,,
573,2023-11-29,190.899994,192.089996,188.970001,189.369995,189.128662,43014200,,,,,,,,,,,,
574,2023-11-30,189.839996,190.320007,188.190002,189.949997,189.707916,48794400,,,,,,,,,,,,
575,2023-12-01,190.330002,191.559998,189.229996,191.240005,190.996292,45679300,,2023-12-01,2023-11-29,AAPL,Kondo Chris,Principal Accounting Officer,S - Sale,$192.00,"-5,513","29,174",-16%,"-$1,058,496"
576,2023-12-04,189.979996,190.050003,187.449997,189.429993,189.188583,43389500,,,,,,,,,,,,
577,2023-12-05,190.210007,194.399994,190.179993,193.419998,193.173508,66628400,,,,,,,,,,,,
578,2023-12-06,194.449997,194.759995,192.110001,192.320007,192.074921,41089700,,,,,,,,,,,,
579,2023-12-07,193.630005,195.0,193.589996,194.270004,194.02243,47477700,,,,,,,,,,,,
580,2023-12-08,194.199997,195.990005,193.669998,195.710007,195.460587,53377300,,,,,,,,,,,,
581,2023-12-11,193.110001,193.490005,191.419998,193.179993,192.933807,60943700,,,,,,,,,,,,
582,2023-12-12,193.080002,194.720001,191.720001,194.710007,194.461868,52696900,,,,,,,,,,,,
583,2023-12-13,195.089996,198.0,194.850006,197.960007,197.707718,70404200,,,,,,,,,,,,
584,2023-12-14,198.020004,199.619995,196.160004,198.110001,197.857529,66831600,,,,,,,,,,,,
585,2023-12-15,197.529999,198.399994,197.0,197.570007,197.318222,128256700,,,,,,,,,,,,
586,2023-12-18,196.089996,196.630005,194.389999,195.889999,195.64035,55751900,,,,,,,,,,,,
587,2023-12-19,196.160004,196.949997,195.889999,196.940002,196.689026,40714100,,,,,,,,,,,,
588,2023-12-20,196.899994,197.679993,194.830002,194.830002,194.581711,52242800,,,,,,,,,,,,
589,2023-12-21,196.100006,197.080002,193.5,194.679993,194.431885,46482500,,,,,,,,,,,,
590,2023-12-22,195.179993,195.410004,192.970001,193.600006,193.353287,37122800,,,,,,,,,,,,
591,2023-12-26,193.610001,193.889999,192.830002,193.050003,192.803986,28919300,,,,,,,,,,,,
592,2023-12-27,192.490005,193.5,191.089996,193.149994,192.903839,48087700,,,,,,,,,,,,
593,2023-12-28,194.139999,194.660004,193.169998,193.580002,193.333298,34049900,,,,,,,,,,,,
594,2023-12-29,193.899994,194.399994,191.729996,192.529999,192.284637,42628800,,,,,,,,,,,,
595,2024-01-02,187.149994,188.440002,183.889999,185.639999,185.403412,82488700,,,,,,,,,,,,
596,2024-01-03,184.220001,185.880005,183.429993,184.25,184.015198,58414500,,,,,,,,,,,,
597,2024-01-04,182.149994,183.089996,180.880005,181.910004,181.678177,71983600,,,,,,,,,,,,
598,2024-01-05,181.990005,182.759995,180.169998,181.179993,180.949097,62303300,,,,,,,,,,,,
599,2024-01-08,182.089996,185.600006,181.5,185.559998,185.323517,59144500,,,,,,,,,,,,
600,2024-01-09,183.919998,185.149994,182.729996,185.139999,184.904053,42841800,,,,,,,,,,,,
601,2024-01-10,184.350006,186.399994,183.919998,186.190002,185.952713,46792900,,,,,,,,,,,,
602,2024-01-11,186.539993,187.050003,183.619995,185.589996,185.353485,49128400,,,,,,,,,,,,
603,2024-01-12,186.059998,186.740005,185.190002,185.919998,185.68306,40444700,,,,,,,,,,,,
604,2024-01-16,182.160004,184.259995,180.929993,183.630005,183.395981,65603000,,,,,,,,,,,,
605,2024-01-17,181.270004,182.929993,180.300003,182.679993,182.447189,47317400,,,,,,,,,,,,
606,2024-01-18,186.089996,189.139999,185.830002,188.630005,188.389618,78005800,,,,,,,,,,,,
607,2024-01-19,189.330002,191.949997,188.820007,191.559998,191.315872,68741000,,,,,,,,,,,,
608,2024-01-22,192.300003,195.330002,192.259995,193.889999,193.642899,60133900,,,,,,,,,,,,
609,2024-01-23,195.020004,195.75,193.830002,195.179993,194.931259,42355600,,,,,,,,,,,,
610,2024-01-24,195.419998,196.380005,194.339996,194.5,194.252121,53631300,,,,,,,,,,,,
611,2024-01-25,195.220001,196.270004,193.110001,194.169998,193.922546,54822100,,,,,,,,,,,,
612,2024-01-26,194.270004,194.759995,191.940002,192.419998,192.174774,44594000,,,,,,,,,,,,
613,2024-01-29,192.009995,192.199997,189.580002,191.729996,191.485657,47145600,,,,,,,,,,,,
614,2024-01-30,190.940002,191.800003,187.470001,188.039993,187.800354,55859400,,,,,,,,,,,,
615,2024-01-31,187.039993,187.100006,184.350006,184.399994,184.164993,55467800,,,,,,,,,,,,
616,2024-02-01,183.990005,186.949997,183.820007,186.860001,186.621872,64885400,,,,,,,,,,,,
617,2024-02-02,179.860001,187.330002,179.25,185.850006,185.613159,102518000,,,,,,,,,,,,
618,2024-02-05,188.149994,189.25,185.839996,187.679993,187.440811,69668800,,,,,,,,,,,,
619,2024-02-06,186.860001,189.309998,186.770004,189.300003,189.058762,43490800,,,,,,,,,,,,
620,2024-02-07,190.639999,191.050003,188.610001,189.410004,189.168625,53439000,,,,,,,,,,,,
621,2024-02-08,189.389999,189.539993,187.350006,188.320007,188.080017,40962000,,,,,,,,,,,,
622,2024-02-09,188.649994,189.990005,188.0,188.850006,188.850006,45155200,,,,,,,,,,,,
623,2024-02-12,188.419998,188.669998,186.789993,187.149994,187.149994,41781900,,,,,,,,,,,,
624,2024-02-13,185.770004,186.210007,183.509995,185.039993,185.039993,56529500,,,,,,,,,,,,
625,2024-02-14,185.320007,185.529999,182.440002,184.149994,184.149994,54630500,,,,,,,,,,,,
626,2024-02-15,183.550003,184.490005,181.350006,183.860001,183.860001,65434500,,,,,,,,,,,,
627,2024-02-16,183.419998,184.850006,181.669998,182.309998,182.309998,49701400,,,,,,,,,,,,
628,2024-02-20,181.789993,182.429993,180.0,181.559998,181.559998,53665600,,,,,,,,,,,,
629,2024-02-21,181.940002,182.889999,180.660004,182.320007,182.320007,41529700,,,,,,,,,,,,
630,2024-02-22,183.479996,184.960007,182.460007,184.369995,184.369995,52292200,,,,,,,,,,,,
631,2024-02-23,185.009995,185.039993,182.229996,182.520004,182.520004,45119700,,,,,,,,,,,,
632,2024-02-26,182.240005,182.759995,180.649994,181.160004,181.160004,40867400,,,,,,,,,,,,
633,2024-02-27,181.100006,183.919998,179.559998,182.630005,182.630005,54318900,,,,,,,,,,,,
634,2024-02-28,182.509995,183.119995,180.130005,181.419998,181.419998,48953900,,,,,,,,,,,,
635,2024-02-29,181.270004,182.570007,179.529999,180.75,180.75,136682600,,,,,,,,,,,,
636,2024-03-01,179.550003,180.529999,177.380005,179.660004,179.660004,73488000,D,2024-03-01,2024-02-29,AAPL,Levinson Arthur D,Dir,S - Sale+OE,$180.94,"-100,000","4,490,576",-2%,"-$18,094,000"
637,2024-03-04,176.149994,176.899994,173.789993,175.100006,175.100006,81510100,,,,,,,,,,,,
638,2024-03-05,170.759995,172.039993,169.619995,170.119995,170.119995,95132400,,,,,,,,,,,,
639,2024-03-06,171.059998,171.240005,168.679993,169.119995,169.119995,68587700,,,,,,,,,,,,
640,2024-03-07,169.149994,170.729996,168.490005,169.0,169.0,71765100,,,,,,,,,,,,
641,2024-03-08,169.0,173.699997,168.940002,170.729996,170.729996,76114600,,,,,,,,,,,,
642,2024-03-11,172.940002,174.380005,172.050003,172.75,172.75,60139500,,,,,,,,,,,,
643,2024-03-12,173.149994,174.029999,171.009995,173.229996,173.229996,59825400,,,,,,,,,,,,
644,2024-03-13,172.770004,173.190002,170.759995,171.130005,171.130005,52488700,,,,,,,,,,,,
645,2024-03-14,172.910004,174.309998,172.050003,173.0,173.0,72913500,,,,,,,,,,,,
646,2024-03-15,171.169998,172.619995,170.289993,172.619995,172.619995,121664700,,,,,,,,,,,,
647,2024-03-18,175.570007,177.710007,173.520004,173.720001,173.720001,75604200,,,,,,,,,,,,
648,2024-03-19,174.339996,176.610001,173.029999,176.080002,176.080002,55215200,,,,,,,,,,,,
649,2024-03-20,175.720001,178.669998,175.089996,178.669998,178.669998,53423100,,,,,,,,,,,,
650,2024-03-21,177.050003,177.490005,170.839996,171.369995,171.369995,106181300,,,,,,,,,,,,
651,2024-03-22,171.759995,173.050003,170.059998,172.279999,172.279999,71106600,,,,,,,,,,,,
652,2024-03-25,170.570007,171.940002,169.449997,170.850006,170.850006,54288300,,,,,,,,,,,,
653,2024-03-26,170.0,171.419998,169.580002,169.710007,169.710007,57388400,,,,,,,,,,,,
654,2024-03-27,170.410004,173.600006,170.110001,173.309998,173.309998,60273300,,,,,,,,,,,,
655,2024-03-28,171.75,172.229996,170.509995,171.479996,171.479996,65672700,,,,,,,,,,,,
656,2024-04-01,171.190002,171.25,169.479996,170.029999,170.029999,46240500,,,,,,,,,,,,
657,2024-04-02,169.080002,169.339996,168.229996,168.839996,168.839996,49329500,,,,,,,,,,,,
658,2024-04-03,168.789993,170.679993,168.580002,169.649994,169.649994,47691700,D,2024-04-03,2024-04-02,AAPL,O'Brien Deirdre,SVP,S - Sale+OE,$168.91,"-54,732","136,572",-29%,"-$9,244,782"
659,2024-04-03,168.789993,170.679993,168.580002,169.649994,169.649994,47691700,DM,2024-04-03,2024-04-01,AAPL,Cook Timothy D,CEO,S - Sale+OE,$169.33,"-196,410","3,280,180",-6%,"-$33,258,614"
660,2024-04-03,168.789993,170.679993,168.580002,169.649994,169.649994,47691700,D,2024-04-03,2024-04-02,AAPL,Adams Katherine L.,"SVP, GC, Secretary",S - Sale+OE,$168.90,"-54,732","293,393",-16%,"-$9,244,235"
661,2024-04-04,170.289993,171.919998,168.820007,168.820007,168.820007,53704400,,,,,,,,,,,,
662,2024-04-05,169.589996,170.389999,168.949997,169.580002,169.580002,42055200,,,,,,,,,,,,
663,2024-04-08,169.029999,169.199997,168.240005,168.449997,168.449997,37425500,,,,,,,,,,,,
664,2024-04-09,168.699997,170.080002,168.350006,169.669998,169.669998,42451200,,,,,,,,,,,,
665,2024-04-10,168.800003,169.089996,167.110001,167.779999,167.779999,49709300,,,,,,,,,,,,
666,2024-04-11,168.339996,175.460007,168.160004,175.039993,175.039993,91070300,,,,,,,,,,,,
667,2024-04-12,174.285004,178.360001,174.210007,176.550003,176.550003,101140128,,,,,,,,,,,,
