date,underlying,volume,open,high,low
07-26 11:54:22:198647,194.34,1,193.67,194.94,193.32
07-26 11:54:23:164711,194.34,1,193.67,194.94,193.32
07-26 11:54:24:180232,194.34,1,193.67,194.94,193.32
07-26 11:54:25:210360,194.34,1,193.67,194.94,193.32
07-26 11:54:26:178360,194.34,5,193.67,194.94,193.32
07-26 11:54:27:226522,194.34,1,193.67,194.94,193.32
07-26 11:54:28:225190,194.34,1,193.67,194.94,193.32
07-26 11:54:29:196560,194.34,1,193.67,194.94,193.32
07-26 11:54:30:201945,194.32,1,193.67,194.94,193.32
07-26 11:54:31:205968,194.3198,1,193.67,194.94,193.32
07-26 11:54:32:250638,194.3198,1,193.67,194.94,193.32
07-26 11:54:33:253560,194.29,1,193.67,194.94,193.32
07-26 11:54:34:263088,194.28,1,193.67,194.94,193.32
07-26 11:54:35:228691,194.28,3,193.67,194.94,193.32
07-26 11:54:36:257453,194.26,1,193.67,194.94,193.32
07-26 11:54:37:271085,194.265,10,193.67,194.94,193.32
07-26 11:54:38:569329,194.25,1,193.67,194.94,193.32
07-26 11:54:39:231498,194.249,1,193.67,194.94,193.32
07-26 11:54:40:318110,194.2445,3,193.67,194.94,193.32
07-26 11:54:41:257899,194.245,1,193.67,194.94,193.32
07-26 11:54:42:324634,194.2442,1,193.67,194.94,193.32
07-26 11:54:43:265607,194.245,3,193.67,194.94,193.32
07-26 11:54:44:262005,194.23,1,193.67,194.94,193.32
07-26 11:54:45:318425,194.23,1,193.67,194.94,193.32
07-26 11:54:46:342779,194.23,1,193.67,194.94,193.32
07-26 11:54:47:300121,194.23,1,193.67,194.94,193.32
07-26 11:54:48:328429,194.2364,3,193.67,194.94,193.32
07-26 11:54:49:361870,194.2364,3,193.67,194.94,193.32
07-26 11:54:50:294353,194.22,1,193.67,194.94,193.32
07-26 11:54:51:309384,194.225,2,193.67,194.94,193.32
07-26 11:54:52:304887,194.225,2,193.67,194.94,193.32
07-26 11:54:53:312858,194.225,1,193.67,194.94,193.32
07-26 11:54:54:307930,194.2189,7,193.67,194.94,193.32
07-26 11:54:55:316013,194.2189,7,193.67,194.94,193.32
07-26 11:54:56:331917,194.22,1,193.67,194.94,193.32
07-26 11:54:57:333629,194.22,1,193.67,194.94,193.32
07-26 11:54:58:345296,194.22,1,193.67,194.94,193.32
07-26 11:54:59:375650,194.215,1,193.67,194.94,193.32
07-26 11:55:00:393970,194.215,1,193.67,194.94,193.32
07-26 11:55:01:405486,194.215,1,193.67,194.94,193.32
07-26 11:55:02:363915,194.185,1,193.67,194.94,193.32
07-26 11:55:03:416798,194.1903,1,193.67,194.94,193.32
07-26 11:55:04:428135,194.1903,1,193.67,194.94,193.32
07-26 11:55:05:393253,194.2034,1,193.67,194.94,193.32
07-26 11:55:06:401576,194.2063,5,193.67,194.94,193.32
07-26 11:55:07:438084,194.205,2,193.67,194.94,193.32
07-26 11:55:08:403740,194.2,1,193.67,194.94,193.32
07-26 11:55:09:420285,194.2007,2,193.67,194.94,193.32
07-26 11:55:11:226570,194.2,1,193.67,194.94,193.32
07-26 11:55:11:421410,194.2028,1,193.67,194.94,193.32
07-26 11:55:12:428102,194.205,1,193.67,194.94,193.32
07-26 11:55:13:469393,194.205,1,193.67,194.94,193.32
07-26 11:55:14:476870,194.2,1,193.67,194.94,193.32
07-26 11:55:15:490332,194.2009,1,193.67,194.94,193.32
07-26 11:55:16:498296,194.2,1,193.67,194.94,193.32
07-26 11:55:17:499884,194.2,1,193.67,194.94,193.32
07-26 11:55:18:465908,194.2,1,193.67,194.94,193.32
07-26 11:55:19:508530,194.2,1,193.67,194.94,193.32
07-26 11:55:20:491018,194.2,1,193.67,194.94,193.32
07-26 11:55:21:480324,194.21,1,193.67,194.94,193.32
07-26 11:55:22:487846,194.205,1,193.67,194.94,193.32
07-26 11:55:23:486595,194.21,1,193.67,194.94,193.32
07-26 11:55:24:518359,194.205,1,193.67,194.94,193.32
07-26 11:55:25:538586,194.22,1,193.67,194.94,193.32
07-26 11:55:26:662357,194.23,1,193.67,194.94,193.32
07-26 11:55:27:518806,194.23,5,193.67,194.94,193.32
07-26 11:55:28:526453,194.2387,1,193.67,194.94,193.32
07-26 11:55:29:558589,194.24,1,193.67,194.94,193.32
07-26 11:55:30:540131,194.25,1,193.67,194.94,193.32
07-26 11:55:31:578128,194.25,1,193.67,194.94,193.32
07-26 11:55:32:586060,194.25,1,193.67,194.94,193.32
07-26 11:55:33:545934,194.2499,10,193.67,194.94,193.32
07-26 11:55:34:552386,194.26,1,193.67,194.94,193.32
07-26 11:55:35:585676,194.2655,4,193.67,194.94,193.32
07-26 11:55:36:549026,194.25,1,193.67,194.94,193.32
07-26 11:55:37:587577,194.24,1,193.67,194.94,193.32
07-26 11:55:38:573520,194.2504,1,193.67,194.94,193.32
07-26 11:55:39:570155,194.24,1,193.67,194.94,193.32
07-26 11:55:40:579285,194.24,1,193.67,194.94,193.32
07-26 11:55:41:593729,194.24,1,193.67,194.94,193.32
07-26 11:55:42:582266,194.225,10,193.67,194.94,193.32
07-26 11:55:43:588075,194.2255,1,193.67,194.94,193.32
07-26 11:55:44:595732,194.214,3,193.67,194.94,193.32
07-26 11:55:45:605326,194.214,3,193.67,194.94,193.32
07-26 11:55:46:655358,194.205,1,193.67,194.94,193.32
07-26 11:55:47:614046,194.2097,25,193.67,194.94,193.32
07-26 11:55:48:655146,194.2097,25,193.67,194.94,193.32
07-26 11:55:49:657546,194.21,3,193.67,194.94,193.32
07-26 11:55:50:665997,194.21,3,193.67,194.94,193.32
07-26 11:55:51:631910,194.21,3,193.67,194.94,193.32
07-26 11:55:52:635287,194.21,1,193.67,194.94,193.32
07-26 11:55:53:647894,194.205,1,193.67,194.94,193.32
07-26 11:55:54:673728,194.205,1,193.67,194.94,193.32
07-26 11:55:55:647988,194.205,5,193.67,194.94,193.32
07-26 11:55:56:681365,194.2087,1,193.67,194.94,193.32
07-26 11:55:57:649994,194.205,1,193.67,194.94,193.32
07-26 11:55:58:651635,194.205,1,193.67,194.94,193.32
07-26 11:55:59:701207,194.2,2,193.67,194.94,193.32
07-26 11:56:00:784393,194.2,1,193.67,194.94,193.32
07-26 11:56:01:682954,194.2,1,193.67,194.94,193.32
07-26 11:56:02:673910,194.2,1,193.67,194.94,193.32
07-26 11:56:03:684199,194.205,1,193.67,194.94,193.32
07-26 11:56:04:683679,194.205,1,193.67,194.94,193.32
07-26 11:56:05:697172,194.205,1,193.67,194.94,193.32
07-26 11:56:06:705592,194.202,1,193.67,194.94,193.32
07-26 11:56:07:694725,194.21,1,193.67,194.94,193.32
07-26 11:56:08:711776,194.21,1,193.67,194.94,193.32
07-26 11:56:09:720631,194.21,1,193.67,194.94,193.32
07-26 11:56:11:301388,194.21,2,193.67,194.94,193.32
07-26 11:56:11:724351,194.22,1,193.67,194.94,193.32
07-26 11:56:12:739903,194.22,1,193.67,194.94,193.32
07-26 11:56:13:776526,194.23,1,193.67,194.94,193.32
07-26 11:56:14:732032,194.23,1,193.67,194.94,193.32
07-26 11:56:15:784610,194.23,1,193.67,194.94,193.32
07-26 11:56:16:743469,194.23,1,193.67,194.94,193.32
07-26 11:56:17:804006,194.23,1,193.67,194.94,193.32
07-26 11:56:18:770477,194.23,1,193.67,194.94,193.32
07-26 11:56:19:771311,194.23,1,193.67,194.94,193.32
07-26 11:56:20:767506,194.2377,4,193.67,194.94,193.32
07-26 11:56:21:798893,194.23,1,193.67,194.94,193.32
07-26 11:56:22:933511,194.225,1,193.67,194.94,193.32
07-26 11:56:23:824451,194.225,1,193.67,194.94,193.32
07-26 11:56:24:880756,194.2201,5,193.67,194.94,193.32
07-26 11:56:25:826561,194.2201,5,193.67,194.94,193.32
07-26 11:56:26:994166,194.23,1,193.67,194.94,193.32
07-26 11:56:28:245387,194.23,1,193.67,194.94,193.32
07-26 11:56:29:382880,194.23,1,193.67,194.94,193.32
07-26 11:56:30:227670,194.23,1,193.67,194.94,193.32
07-26 11:56:30:836710,194.23,1,193.67,194.94,193.32
07-26 11:56:31:848076,194.24,1,193.67,194.94,193.32
07-26 11:56:33:455696,194.24,2,193.67,194.94,193.32
07-26 11:56:33:823285,194.23,3,193.67,194.94,193.32
07-26 11:56:34:858088,194.235,1,193.67,194.94,193.32
07-26 11:56:35:829231,194.24,1,193.67,194.94,193.32
07-26 11:56:36:836391,194.25,1,193.67,194.94,193.32
07-26 11:56:37:838918,194.25,1,193.67,194.94,193.32
07-26 11:56:38:910603,194.25,1,193.67,194.94,193.32
07-26 11:56:39:864389,194.2544,1,193.67,194.94,193.32
07-26 11:56:40:865034,194.26,1,193.67,194.94,193.32
07-26 11:56:42:200794,194.26,1,193.67,194.94,193.32
07-26 11:56:43:066616,194.27,1,193.67,194.94,193.32
07-26 11:56:43:872655,194.27,1,193.67,194.94,193.32
07-26 11:56:44:892343,194.27,1,193.67,194.94,193.32
07-26 11:56:45:888585,194.2657,25,193.67,194.94,193.32
07-26 11:56:46:907971,194.265,1,193.67,194.94,193.32
07-26 11:56:47:892953,194.27,1,193.67,194.94,193.32
07-26 11:56:48:894666,194.27,1,193.67,194.94,193.32
07-26 11:56:49:894246,194.25,1,193.67,194.94,193.32
07-26 11:56:50:903932,194.255,1,193.67,194.94,193.32
07-26 11:56:51:914156,194.25,1,193.67,194.94,193.32
07-26 11:56:52:913884,194.25,1,193.67,194.94,193.32
07-26 11:56:54:161302,194.255,2,193.67,194.94,193.32
07-26 11:56:55:140358,194.255,2,193.67,194.94,193.32
07-26 11:56:55:925306,194.255,2,193.67,194.94,193.32
07-26 11:56:56:933179,194.25,1,193.67,194.94,193.32
07-26 11:56:57:930555,194.241,2,193.67,194.94,193.32
07-26 11:56:58:940339,194.23,4,193.67,194.94,193.32
07-26 11:56:59:951714,194.2208,1,193.67,194.94,193.32
07-26 11:57:00:999003,194.22,1,193.67,194.94,193.32
07-26 11:57:01:959728,194.2099,1,193.67,194.94,193.32
07-26 11:57:02:977862,194.22,1,193.67,194.94,193.32
07-26 11:57:03:974607,194.2167,5,193.67,194.94,193.32
07-26 11:57:04:988114,194.2167,5,193.67,194.94,193.32
07-26 11:57:05:973908,194.2167,5,193.67,194.94,193.32
07-26 11:57:06:984820,194.22,1,193.67,194.94,193.32
07-26 11:57:07:981869,194.245,1,193.67,194.94,193.32
07-26 11:57:08:993865,194.27,1,193.67,194.94,193.32
07-26 11:57:09:986546,194.2691,1,193.67,194.94,193.32
07-26 11:57:11:026237,194.26,1,193.67,194.94,193.32
07-26 11:57:12:004631,194.27,1,193.67,194.94,193.32
07-26 11:57:13:040275,194.29,1,193.67,194.94,193.32
07-26 11:57:14:014598,194.2847,2,193.67,194.94,193.32
07-26 11:57:15:016594,194.285,2,193.67,194.94,193.32
07-26 11:57:16:025483,194.285,1,193.67,194.94,193.32
07-26 11:57:17:027918,194.29,1,193.67,194.94,193.32
07-26 11:57:18:036958,194.29,1,193.67,194.94,193.32
07-26 11:57:19:042811,194.285,20,193.67,194.94,193.32
07-26 11:57:20:041266,194.285,20,193.67,194.94,193.32
07-26 11:57:21:058727,194.29,1,193.67,194.94,193.32
07-26 11:57:22:042484,194.29,1,193.67,194.94,193.32
07-26 11:57:23:081403,194.3,1,193.67,194.94,193.32
07-26 11:57:24:047896,194.3,1,193.67,194.94,193.32
07-26 11:57:25:088970,194.32,1,193.67,194.94,193.32
07-26 11:57:26:059183,194.3033,4,193.67,194.94,193.32
07-26 11:57:27:053599,194.319,10,193.67,194.94,193.32
07-26 11:57:28:102162,194.32,13,193.67,194.94,193.32
07-26 11:57:29:107446,194.32,13,193.67,194.94,193.32
07-26 11:57:30:065099,194.34,1,193.67,194.94,193.32
07-26 11:57:31:114974,194.34,1,193.67,194.94,193.32
07-26 11:57:32:074602,194.33,1,193.67,194.94,193.32
07-26 11:57:33:098057,194.345,4,193.67,194.94,193.32
07-26 11:57:34:087471,194.36,1,193.67,194.94,193.32
07-26 11:57:35:089943,194.36,1,193.67,194.94,193.32
07-26 11:57:36:132889,194.36,1,193.67,194.94,193.32
07-26 11:57:37:120066,194.36,1,193.67,194.94,193.32
07-26 11:57:38:154451,194.37,3,193.67,194.94,193.32
07-26 11:57:39:155441,194.355,1,193.67,194.94,193.32
07-26 11:57:40:173116,194.36,2,193.67,194.94,193.32
07-26 11:57:41:118185,194.35,1,193.67,194.94,193.32
07-26 11:57:42:178516,194.35,1,193.67,194.94,193.32
07-26 11:57:43:139940,194.3406,2,193.67,194.94,193.32
07-26 11:57:44:189303,194.3406,2,193.67,194.94,193.32
07-26 11:57:45:191994,194.3401,1,193.67,194.94,193.32
07-26 11:57:46:216507,194.35,1,193.67,194.94,193.32
07-26 11:57:47:183441,194.35,3,193.67,194.94,193.32
07-26 11:57:48:174719,194.35,3,193.67,194.94,193.32
07-26 11:57:49:186709,194.35,3,193.67,194.94,193.32
07-26 11:57:50:201282,194.3499,30,193.67,194.94,193.32
07-26 11:57:51:236120,194.37,1,193.67,194.94,193.32
07-26 11:57:52:207656,194.37,5,193.67,194.94,193.32
07-26 11:57:53:217944,194.37,5,193.67,194.94,193.32
07-26 11:57:54:254028,194.37,2,193.67,194.94,193.32
07-26 11:57:55:223240,194.37,2,193.67,194.94,193.32
07-26 11:57:56:235017,194.37,2,193.67,194.94,193.32
07-26 11:57:57:240411,194.37,1,193.67,194.94,193.32
07-26 11:57:58:255363,194.3601,1,193.67,194.94,193.32
07-26 11:57:59:250991,194.38,1,193.67,194.94,193.32
07-26 11:58:00:292540,194.38,1,193.67,194.94,193.32
07-26 11:58:01:298140,194.4,1,193.67,194.94,193.32
07-26 11:58:02:304802,194.39,1,193.67,194.94,193.32
07-26 11:58:03:391186,194.39,1,193.67,194.94,193.32
07-26 11:58:04:279129,194.39,1,193.67,194.94,193.32
07-26 11:58:05:317123,194.39,1,193.67,194.94,193.32
07-26 11:58:06:297304,194.3801,1,193.67,194.94,193.32
07-26 11:58:07:350916,194.3801,1,193.67,194.94,193.32
07-26 11:58:08:342112,194.355,1,193.67,194.94,193.32
07-26 11:58:09:320273,194.35,13,193.67,194.94,193.32
07-26 11:58:10:349611,194.3526,1,193.67,194.94,193.32
07-26 11:58:11:341395,194.35,1,193.67,194.94,193.32
07-26 11:58:12:774566,194.335,1,193.67,194.94,193.32
07-26 11:58:13:376173,194.3308,1,193.67,194.94,193.32
07-26 11:58:14:341184,194.335,1,193.67,194.94,193.32
07-26 11:58:15:343935,194.325,1,193.67,194.94,193.32
07-26 11:58:16:348937,194.315,1,193.67,194.94,193.32
07-26 11:58:17:390952,194.32,11,193.67,194.94,193.32
07-26 11:58:18:405047,194.305,1,193.67,194.94,193.32
07-26 11:58:19:407250,194.305,1,193.67,194.94,193.32
07-26 11:58:20:405061,194.3,4,193.67,194.94,193.32
07-26 11:58:21:369351,194.28,1,193.67,194.94,193.32
07-26 11:58:22:424203,194.285,4,193.67,194.94,193.32
07-26 11:58:23:422692,194.2774,13,193.67,194.94,193.32
07-26 11:58:24:457391,194.28,5,193.67,194.94,193.32
07-26 11:58:25:395998,194.28,5,193.67,194.94,193.32
07-26 11:58:26:405190,194.275,1,193.67,194.94,193.32
07-26 11:58:27:398556,194.275,1,193.67,194.94,193.32
07-26 11:58:28:401144,194.28,1,193.67,194.94,193.32
07-26 11:58:29:411776,194.27,1,193.67,194.94,193.32
07-26 11:58:30:416876,194.27,1,193.67,194.94,193.32
07-26 11:58:31:429592,194.27,1,193.67,194.94,193.32
07-26 11:58:32:475363,194.27,1,193.67,194.94,193.32
07-26 11:58:33:434401,194.29,1,193.67,194.94,193.32
07-26 11:58:34:462492,194.29,1,193.67,194.94,193.32
07-26 11:58:35:481317,194.3,1,193.67,194.94,193.32
07-26 11:58:36:451343,194.3,1,193.67,194.94,193.32
07-26 11:58:37:456459,194.305,1,193.67,194.94,193.32
07-26 11:58:38:475761,194.3,1,193.67,194.94,193.32
07-26 11:58:39:505095,194.3,1,193.67,194.94,193.32
07-26 11:58:40:476816,194.32,1,193.67,194.94,193.32
07-26 11:58:41:479931,194.31,1,193.67,194.94,193.32
07-26 11:58:42:483150,194.31,1,193.67,194.94,193.32
07-26 11:58:43:564435,194.31,1,193.67,194.94,193.32
07-26 11:58:44:506629,194.33,1,193.67,194.94,193.32
07-26 11:58:45:512290,194.32,1,193.67,194.94,193.32
07-26 11:58:46:519531,194.3199,1,193.67,194.94,193.32
07-26 11:58:47:624458,194.32,1,193.67,194.94,193.32
07-26 11:58:48:526337,194.31,1,193.67,194.94,193.32
07-26 11:58:49:566627,194.31,1,193.67,194.94,193.32
07-26 11:58:50:545715,194.31,1,193.67,194.94,193.32
07-26 11:58:51:580328,194.31,1,193.67,194.94,193.32
07-26 11:58:52:587845,194.31,1,193.67,194.94,193.32
07-26 11:58:53:554579,194.31,1,193.67,194.94,193.32
07-26 11:58:54:562266,194.31,1,193.67,194.94,193.32
07-26 11:58:55:561514,194.3,1,193.67,194.94,193.32
07-26 11:58:56:584254,194.29,1,193.67,194.94,193.32
07-26 11:58:57:604622,194.2985,3,193.67,194.94,193.32
07-26 11:58:58:578127,194.31,1,193.67,194.94,193.32
07-26 11:58:59:632294,194.31,1,193.67,194.94,193.32
07-26 11:59:00:600521,194.32,1,193.67,194.94,193.32
07-26 11:59:01:598122,194.3273,2,193.67,194.94,193.32
07-26 11:59:02:637438,194.33,2,193.67,194.94,193.32
07-26 11:59:03:650593,194.34,1,193.67,194.94,193.32
07-26 11:59:04:661986,194.36,1,193.67,194.94,193.32
07-26 11:59:05:646993,194.36,1,193.67,194.94,193.32
07-26 11:59:06:612605,194.36,1,193.67,194.94,193.32
07-26 11:59:07:655093,194.37,1,193.67,194.94,193.32
07-26 11:59:08:635035,194.37,1,193.67,194.94,193.32
07-26 11:59:09:631480,194.36,1,193.67,194.94,193.32
07-26 11:59:10:680414,194.38,2,193.67,194.94,193.32
07-26 11:59:11:690878,194.3867,2,193.67,194.94,193.32
07-26 11:59:12:703474,194.3606,1,193.67,194.94,193.32
07-26 11:59:13:655249,194.3606,1,193.67,194.94,193.32
07-26 11:59:14:699281,194.37,2,193.67,194.94,193.32
07-26 11:59:15:659876,194.37,2,193.67,194.94,193.32
07-26 11:59:16:659547,194.37,1,193.67,194.94,193.32
07-26 11:59:17:676323,194.3771,2,193.67,194.94,193.32
07-26 11:59:18:677247,194.375,1,193.67,194.94,193.32
07-26 11:59:19:689730,194.3789,1,193.67,194.94,193.32
07-26 11:59:20:716286,194.3789,1,193.67,194.94,193.32
07-26 11:59:21:696926,194.3789,1,193.67,194.94,193.32
07-26 11:59:22:711054,194.375,6,193.67,194.94,193.32
07-26 11:59:23:695656,194.3601,1,193.67,194.94,193.32
07-26 11:59:24:708952,194.37,1,193.67,194.94,193.32
07-26 11:59:25:711576,194.36,1,193.67,194.94,193.32
07-26 11:59:26:720874,194.375,1,193.67,194.94,193.32
07-26 11:59:27:716926,194.375,1,193.67,194.94,193.32
07-26 11:59:28:722261,194.37,1,193.67,194.94,193.32
07-26 11:59:29:763907,194.38,1,193.67,194.94,193.32
07-26 11:59:30:760785,194.375,1,193.67,194.94,193.32
07-26 11:59:31:739789,194.37,1,193.67,194.94,193.32
07-26 11:59:32:731106,194.37,1,193.67,194.94,193.32
07-26 11:59:33:744394,194.369,1,193.67,194.94,193.32
07-26 11:59:34:738452,194.369,1,193.67,194.94,193.32
07-26 11:59:35:796428,194.38,1,193.67,194.94,193.32
07-26 11:59:36:758459,194.37,25,193.67,194.94,193.32
07-26 11:59:37:815776,194.375,2,193.67,194.94,193.32
07-26 11:59:38:784267,194.375,2,193.67,194.94,193.32
07-26 11:59:39:801440,194.3699,3,193.67,194.94,193.32
07-26 11:59:40:801473,194.36,1,193.67,194.94,193.32
07-26 11:59:41:787869,194.365,2,193.67,194.94,193.32
07-26 11:59:42:806864,194.365,2,193.67,194.94,193.32
07-26 11:59:43:831747,194.37,1,193.67,194.94,193.32
07-26 11:59:44:852534,194.37,1,193.67,194.94,193.32
07-26 11:59:45:810329,194.37,1,193.67,194.94,193.32
07-26 11:59:46:819264,194.37,1,193.67,194.94,193.32
07-26 11:59:47:834514,194.37,1,193.67,194.94,193.32
07-26 11:59:48:833262,194.38,1,193.67,194.94,193.32
07-26 11:59:49:828461,194.3888,1,193.67,194.94,193.32
07-26 11:59:50:839992,194.39,1,193.67,194.94,193.32
07-26 11:59:51:884001,194.39,1,193.67,194.94,193.32
07-26 11:59:52:846590,194.37,2,193.67,194.94,193.32
07-26 11:59:53:886551,194.37,2,193.67,194.94,193.32
07-26 11:59:54:860484,194.37,2,193.67,194.94,193.32
07-26 11:59:55:863545,194.36,1,193.67,194.94,193.32
07-26 11:59:56:862899,194.36,1,193.67,194.94,193.32
07-26 11:59:57:878356,194.37,1,193.67,194.94,193.32
07-26 11:59:58:910862,194.375,5,193.67,194.94,193.32
07-26 11:59:59:882923,194.375,5,193.67,194.94,193.32
07-26 12:00:00:946962,194.34,1,193.67,194.94,193.32
07-26 12:00:01:893511,194.33,1,193.67,194.94,193.32
07-26 12:00:02:940097,194.33,1,193.67,194.94,193.32
07-26 12:00:03:927668,194.3201,10,193.67,194.94,193.32
07-26 12:00:04:911674,194.323,2,193.67,194.94,193.32
07-26 12:00:05:904047,194.315,5,193.67,194.94,193.32
07-26 12:00:06:947875,194.32,1,193.67,194.94,193.32
07-26 12:00:07:961181,194.33,1,193.67,194.94,193.32
07-26 12:00:08:923149,194.3309,1,193.67,194.94,193.32
07-26 12:00:09:923851,194.34,1,193.67,194.94,193.32
07-26 12:00:10:978808,194.33,3,193.67,194.94,193.32
07-26 12:00:12:963327,194.33,1,193.67,194.94,193.32
07-26 12:00:13:057068,194.34,1,193.67,194.94,193.32
07-26 12:00:14:058970,194.34,1,193.67,194.94,193.32
07-26 12:00:15:149412,194.34,1,193.67,194.94,193.32
07-26 12:00:16:134917,194.34,1,193.67,194.94,193.32
07-26 12:00:17:119418,194.34,1,193.67,194.94,193.32
07-26 12:00:18:133733,194.34,1,193.67,194.94,193.32
07-26 12:00:19:105331,194.335,1,193.67,194.94,193.32
07-26 12:00:20:162689,194.315,1,193.67,194.94,193.32
07-26 12:00:21:118449,194.32,1,193.67,194.94,193.32
07-26 12:00:22:134852,194.325,13,193.67,194.94,193.32
07-26 12:00:23:165568,194.325,13,193.67,194.94,193.32
07-26 12:00:24:144619,194.33,1,193.67,194.94,193.32
07-26 12:00:25:158403,194.33,1,193.67,194.94,193.32
07-26 12:00:26:150479,194.33,1,193.67,194.94,193.32
07-26 12:00:27:197634,194.33,1,193.67,194.94,193.32
07-26 12:00:28:201748,194.33,1,193.67,194.94,193.32
07-26 12:00:29:176861,194.33,1,193.67,194.94,193.32
07-26 12:00:30:179869,194.33,1,193.67,194.94,193.32
07-26 12:00:31:223817,194.32,1,193.67,194.94,193.32
07-26 12:00:32:186597,194.32,1,193.67,194.94,193.32
07-26 12:00:33:183131,194.315,1,193.67,194.94,193.32
07-26 12:00:34:195891,194.3101,13,193.67,194.94,193.32
07-26 12:00:35:241261,194.3186,1,193.67,194.94,193.32
07-26 12:00:36:241680,194.3101,1,193.67,194.94,193.32
07-26 12:00:37:250596,194.315,1,193.67,194.94,193.32
07-26 12:00:38:211837,194.315,1,193.67,194.94,193.32
07-26 12:00:39:258562,194.32,1,193.67,194.94,193.32
07-26 12:00:40:238471,194.315,1,193.67,194.94,193.32
07-26 12:00:41:234500,194.315,1,193.67,194.94,193.32
07-26 12:00:42:236206,194.31,1,193.67,194.94,193.32
07-26 12:00:43:242953,194.3,1,193.67,194.94,193.32
07-26 12:00:44:299072,194.3,1,193.67,194.94,193.32
07-26 12:00:45:258315,194.3,1,193.67,194.94,193.32
07-26 12:00:46:258758,194.3088,1,193.67,194.94,193.32
07-26 12:00:47:306594,194.3088,1,193.67,194.94,193.32
07-26 12:00:48:266185,194.31,1,193.67,194.94,193.32
07-26 12:00:49:317075,194.31,1,193.67,194.94,193.32
07-26 12:00:50:287293,194.31,1,193.67,194.94,193.32
07-26 12:00:51:284884,194.31,1,193.67,194.94,193.32
07-26 12:00:52:286473,194.31,1,193.67,194.94,193.32
07-26 12:00:53:280732,194.31,1,193.67,194.94,193.32
07-26 12:00:54:282622,194.31,1,193.67,194.94,193.32
07-26 12:00:55:285018,194.31,1,193.67,194.94,193.32
07-26 12:00:56:292360,194.31,1,193.67,194.94,193.32
07-26 12:00:57:337438,194.31,1,193.67,194.94,193.32
07-26 12:00:58:305170,194.31,2,193.67,194.94,193.32
07-26 12:00:59:363353,194.3,1,193.67,194.94,193.32
07-26 12:01:00:327251,194.3,1,193.67,194.94,193.32
07-26 12:01:01:439615,194.3,1,193.67,194.94,193.32
07-26 12:01:02:379098,194.31,1,193.67,194.94,193.32
07-26 12:01:03:330417,194.31,1,193.67,194.94,193.32
07-26 12:01:04:363957,194.31,1,193.67,194.94,193.32
07-26 12:01:05:346693,194.3198,1,193.67,194.94,193.32
07-26 12:01:06:343873,194.32,3,193.67,194.94,193.32
07-26 12:01:07:352300,194.32,3,193.67,194.94,193.32
07-26 12:01:08:364060,194.31,1,193.67,194.94,193.32
07-26 12:01:09:368960,194.315,1,193.67,194.94,193.32
07-26 12:01:10:370914,194.315,1,193.67,194.94,193.32
07-26 12:01:11:367762,194.31,1,193.67,194.94,193.32
07-26 12:01:12:415984,194.3001,1,193.67,194.94,193.32
07-26 12:01:13:420339,194.305,1,193.67,194.94,193.32
07-26 12:01:14:382626,194.305,1,193.67,194.94,193.32
07-26 12:01:15:388268,194.305,1,193.67,194.94,193.32
07-26 12:01:16:400867,194.31,1,193.67,194.94,193.32
07-26 12:01:17:445716,194.31,1,193.67,194.94,193.32
07-26 12:01:18:419942,194.31,1,193.67,194.94,193.32
07-26 12:01:19:419948,194.31,1,193.67,194.94,193.32
07-26 12:01:20:424567,194.31,1,193.67,194.94,193.32
07-26 12:01:21:472633,194.31,1,193.67,194.94,193.32
07-26 12:01:22:466173,194.32,1,193.67,194.94,193.32
07-26 12:01:23:451074,194.32,1,193.67,194.94,193.32
07-26 12:01:24:453315,194.32,1,193.67,194.94,193.32
07-26 12:01:25:458678,194.32,1,193.67,194.94,193.32
07-26 12:01:26:471396,194.32,1,193.67,194.94,193.32
07-26 12:01:27:470542,194.32,1,193.67,194.94,193.32
07-26 12:01:28:476018,194.32,1,193.67,194.94,193.32
07-26 12:01:29:523915,194.305,14,193.67,194.94,193.32
07-26 12:01:30:552205,194.29,5,193.67,194.94,193.32
07-26 12:01:31:538483,194.305,1,193.67,194.94,193.32
07-26 12:01:32:517384,194.305,1,193.67,194.94,193.32
07-26 12:01:33:499965,194.305,1,193.67,194.94,193.32
07-26 12:01:34:549465,194.29,1,193.67,194.94,193.32
07-26 12:01:35:522167,194.29,1,193.67,194.94,193.32
07-26 12:01:36:573986,194.29,8,193.67,194.94,193.32
07-26 12:01:37:604472,194.3,1,193.67,194.94,193.32
07-26 12:01:38:545999,194.28,1,193.67,194.94,193.32
07-26 12:01:39:546502,194.28,1,193.67,194.94,193.32
07-26 12:01:40:558810,194.286,1,193.67,194.94,193.32
07-26 12:01:41:559048,194.27,2,193.67,194.94,193.32
07-26 12:01:42:602555,194.28,1,193.67,194.94,193.32
07-26 12:01:43:565180,194.28,1,193.67,194.94,193.32
07-26 12:01:44:591150,194.28,1,193.67,194.94,193.32
07-26 12:01:45:573706,194.29,4,193.67,194.94,193.32
07-26 12:01:46:626743,194.28,1,193.67,194.94,193.32
07-26 12:01:47:626423,194.305,1,193.67,194.94,193.32
07-26 12:01:48:590579,194.28,1,193.67,194.94,193.32
07-26 12:01:49:641069,194.28,1,193.67,194.94,193.32
07-26 12:01:50:611459,194.28,1,193.67,194.94,193.32
07-26 12:01:51:648332,194.28,1,193.67,194.94,193.32
07-26 12:01:52:661558,194.28,1,193.67,194.94,193.32
07-26 12:01:53:653701,194.28,1,193.67,194.94,193.32
07-26 12:01:54:685825,194.28,1,193.67,194.94,193.32
07-26 12:01:55:640131,194.28,1,193.67,194.94,193.32
07-26 12:01:56:657288,194.28,1,193.67,194.94,193.32
07-26 12:01:57:665192,194.2857,1,193.67,194.94,193.32
07-26 12:01:58:661305,194.285,5,193.67,194.94,193.32
07-26 12:01:59:679878,194.285,5,193.67,194.94,193.32
07-26 12:02:00:677473,194.28,1,193.67,194.94,193.32
07-26 12:02:01:990220,194.28,1,193.67,194.94,193.32
07-26 12:02:03:206162,194.271,4,193.67,194.94,193.32
07-26 12:02:04:381732,194.25,1,193.67,194.94,193.32
07-26 12:02:04:753852,194.26,1,193.67,194.94,193.32
07-26 12:02:05:804165,194.26,1,193.67,194.94,193.32
07-26 12:02:06:737630,194.25,1,193.67,194.94,193.32
07-26 12:02:07:769075,194.2601,5,193.67,194.94,193.32
07-26 12:02:08:756954,194.27,1,193.67,194.94,193.32
07-26 12:02:09:813137,194.2899,2,193.67,194.94,193.32
07-26 12:02:10:805564,194.28,1,193.67,194.94,193.32
07-26 12:02:12:353003,194.2857,1,193.67,194.94,193.32
07-26 12:02:12:775105,194.29,1,193.67,194.94,193.32
07-26 12:02:13:834550,194.2864,2,193.67,194.94,193.32
07-26 12:02:14:806493,194.2864,2,193.67,194.94,193.32
07-26 12:02:15:845674,194.2864,2,193.67,194.94,193.32
07-26 12:02:16:797982,194.275,1,193.67,194.94,193.32
07-26 12:02:17:871084,194.275,1,193.67,194.94,193.32
07-26 12:02:18:854542,194.275,1,193.67,194.94,193.32
07-26 12:02:19:844191,194.2707,3,193.67,194.94,193.32
07-26 12:02:20:910259,194.2707,3,193.67,194.94,193.32
07-26 12:02:21:822581,194.2707,3,193.67,194.94,193.32
07-26 12:02:22:799460,194.2707,3,193.67,194.94,193.32
07-26 12:02:23:832157,194.2707,3,193.67,194.94,193.32
07-26 12:02:24:802934,194.2707,3,193.67,194.94,193.32
07-26 12:02:25:853257,194.28,1,193.67,194.94,193.32
07-26 12:02:26:826213,194.28,1,193.67,194.94,193.32
07-26 12:02:27:812875,194.28,1,193.67,194.94,193.32
07-26 12:02:28:856724,194.28,1,193.67,194.94,193.32
07-26 12:02:29:826006,194.28,1,193.67,194.94,193.32
07-26 12:02:30:832201,194.29,1,193.67,194.94,193.32
07-26 12:02:31:896548,194.29,5,193.67,194.94,193.32
07-26 12:02:32:879321,194.29,5,193.67,194.94,193.32
07-26 12:02:33:891383,194.29,5,193.67,194.94,193.32
07-26 12:02:34:886655,194.285,1,193.67,194.94,193.32
07-26 12:02:35:894116,194.28,1,193.67,194.94,193.32
07-26 12:02:36:887201,194.28,1,193.67,194.94,193.32
07-26 12:02:37:911061,194.275,1,193.67,194.94,193.32
07-26 12:02:38:889828,194.275,1,193.67,194.94,193.32
07-26 12:02:40:452693,194.275,1,193.67,194.94,193.32
07-26 12:02:40:930104,194.27,5,193.67,194.94,193.32
07-26 12:02:41:890571,194.265,1,193.67,194.94,193.32
07-26 12:02:42:903053,194.265,1,193.67,194.94,193.32
07-26 12:02:43:944374,194.265,1,193.67,194.94,193.32
07-26 12:02:44:930088,194.265,1,193.67,194.94,193.32
07-26 12:02:45:974582,194.28,1,193.67,194.94,193.32
07-26 12:02:46:935203,194.285,1,193.67,194.94,193.32
07-26 12:02:47:964664,194.285,1,193.67,194.94,193.32
07-26 12:02:48:977927,194.285,1,193.67,194.94,193.32
07-26 12:02:49:939713,194.2807,23,193.67,194.94,193.32
07-26 12:02:50:945765,194.2801,3,193.67,194.94,193.32
07-26 12:02:51:957565,194.285,5,193.67,194.94,193.32
07-26 12:02:52:962824,194.285,1,193.67,194.94,193.32
07-26 12:02:53:957198,194.28,1,193.67,194.94,193.32
07-26 12:02:54:958666,194.28,1,193.67,194.94,193.32
07-26 12:02:55:960129,194.28,1,193.67,194.94,193.32
07-26 12:02:56:959874,194.28,1,193.67,194.94,193.32
07-26 12:02:58:002091,194.28,1,193.67,194.94,193.32
07-26 12:02:58:970877,194.28,1,193.67,194.94,193.32
07-26 12:02:59:988132,194.28,1,193.67,194.94,193.32
07-26 12:03:00:986376,194.285,20,193.67,194.94,193.32
07-26 12:03:02:028656,194.285,20,193.67,194.94,193.32
07-26 12:03:03:038636,194.285,20,193.67,194.94,193.32
07-26 12:03:04:036511,194.285,20,193.67,194.94,193.32
07-26 12:03:05:008993,194.2799,5,193.67,194.94,193.32
07-26 12:03:06:027471,194.28,1,193.67,194.94,193.32
07-26 12:03:07:058649,194.2801,1,193.67,194.94,193.32
07-26 12:03:08:080370,194.2858,1,193.67,194.94,193.32
07-26 12:03:09:074286,194.28,1,193.67,194.94,193.32
07-26 12:03:10:093086,194.28,1,193.67,194.94,193.32
07-26 12:03:11:086511,194.3,1,193.67,194.94,193.32
07-26 12:03:12:093918,194.315,1,193.67,194.94,193.32
07-26 12:03:13:060050,194.3152,1,193.67,194.94,193.32
07-26 12:03:14:077422,194.31,1,193.67,194.94,193.32
07-26 12:03:15:061375,194.31,1,193.67,194.94,193.32
07-26 12:03:16:070282,194.3141,30,193.67,194.94,193.32
07-26 12:03:17:115504,194.3125,2,193.67,194.94,193.32
07-26 12:03:18:074927,194.3125,2,193.67,194.94,193.32
07-26 12:03:19:081155,194.3125,2,193.67,194.94,193.32
07-26 12:03:20:096005,194.3125,2,193.67,194.94,193.32
07-26 12:03:21:092801,194.3125,2,193.67,194.94,193.32
07-26 12:03:22:092913,194.3108,1,193.67,194.94,193.32
07-26 12:03:23:096778,194.33,1,193.67,194.94,193.32
07-26 12:03:24:134020,194.325,3,193.67,194.94,193.32
07-26 12:03:25:155638,194.305,1,193.67,194.94,193.32
07-26 12:03:26:110620,194.285,1,193.67,194.94,193.32
07-26 12:03:27:115687,194.285,1,193.67,194.94,193.32
07-26 12:03:28:160930,194.285,2,193.67,194.94,193.32
07-26 12:03:29:126272,194.29,1,193.67,194.94,193.32
07-26 12:03:30:133349,194.3,5,193.67,194.94,193.32
07-26 12:03:31:134354,194.31,1,193.67,194.94,193.32
07-26 12:03:32:152521,194.3,1,193.67,194.94,193.32
07-26 12:03:33:165626,194.3,1,193.67,194.94,193.32
07-26 12:03:34:197165,194.3,1,193.67,194.94,193.32
07-26 12:03:35:190064,194.3,1,193.67,194.94,193.32
07-26 12:03:36:214247,194.3,1,193.67,194.94,193.32
07-26 12:03:37:264963,194.295,1,193.67,194.94,193.32
07-26 12:03:38:188930,194.29,1,193.67,194.94,193.32
07-26 12:03:39:191497,194.29,1,193.67,194.94,193.32
07-26 12:03:40:200278,194.2871,1,193.67,194.94,193.32
07-26 12:03:41:212676,194.2871,1,193.67,194.94,193.32
07-26 12:03:42:237858,194.2871,1,193.67,194.94,193.32
07-26 12:03:43:214956,194.2871,1,193.67,194.94,193.32
07-26 12:03:44:257026,194.29,1,193.67,194.94,193.32
07-26 12:03:45:239010,194.2866,1,193.67,194.94,193.32
07-26 12:03:46:239878,194.29,5,193.67,194.94,193.32
07-26 12:03:47:244968,194.295,10,193.67,194.94,193.32
07-26 12:03:48:248981,194.2979,1,193.67,194.94,193.32
07-26 12:03:49:288882,194.2987,1,193.67,194.94,193.32
07-26 12:03:50:684192,194.3,1,193.67,194.94,193.32
07-26 12:03:51:286008,194.3,1,193.67,194.94,193.32
07-26 12:03:52:282689,194.3,1,193.67,194.94,193.32
07-26 12:03:53:296917,194.3,1,193.67,194.94,193.32
07-26 12:03:54:326697,194.3,1,193.67,194.94,193.32
07-26 12:03:55:326803,194.315,1,193.67,194.94,193.32
07-26 12:03:56:320656,194.32,1,193.67,194.94,193.32
07-26 12:03:57:341929,194.32,1,193.67,194.94,193.32
07-26 12:03:58:306577,194.32,1,193.67,194.94,193.32
07-26 12:03:59:316880,194.3181,2,193.67,194.94,193.32
07-26 12:04:00:319066,194.31,1,193.67,194.94,193.32
07-26 12:04:01:374242,194.31,1,193.67,194.94,193.32
07-26 12:04:02:370400,194.31,1,193.67,194.94,193.32
07-26 12:04:03:380861,194.3001,2,193.67,194.94,193.32
07-26 12:04:04:355651,194.3001,1,193.67,194.94,193.32
07-26 12:04:05:346983,194.305,1,193.67,194.94,193.32
07-26 12:04:06:370524,194.305,1,193.67,194.94,193.32
07-26 12:04:07:362897,194.303,1,193.67,194.94,193.32
07-26 12:04:08:370070,194.303,1,193.67,194.94,193.32
07-26 12:04:09:379275,194.303,1,193.67,194.94,193.32
07-26 12:04:10:377354,194.303,1,193.67,194.94,193.32
07-26 12:04:11:380468,194.2969,1,193.67,194.94,193.32
07-26 12:04:12:385094,194.295,1,193.67,194.94,193.32
07-26 12:04:13:388292,194.29,1,193.67,194.94,193.32
07-26 12:04:14:449302,194.28,1,193.67,194.94,193.32
07-26 12:04:15:422139,194.28,1,193.67,194.94,193.32
07-26 12:04:16:460771,194.29,1,193.67,194.94,193.32
07-26 12:04:17:457186,194.29,1,193.67,194.94,193.32
07-26 12:04:18:425407,194.29,1,193.67,194.94,193.32
07-26 12:04:19:474325,194.29,4,193.67,194.94,193.32
07-26 12:04:20:443840,194.29,4,193.67,194.94,193.32
07-26 12:04:21:485272,194.3,7,193.67,194.94,193.32
07-26 12:04:22:459574,194.3,7,193.67,194.94,193.32
07-26 12:04:23:494045,194.2944,1,193.67,194.94,193.32
07-26 12:04:24:506993,194.3,1,193.67,194.94,193.32
07-26 12:04:25:526721,194.3,1,193.67,194.94,193.32
07-26 12:04:26:483419,194.3,1,193.67,194.94,193.32
07-26 12:04:27:523140,194.3,1,193.67,194.94,193.32
07-26 12:04:28:531421,194.2995,2,193.67,194.94,193.32
07-26 12:04:29:536179,194.3,1,193.67,194.94,193.32
07-26 12:04:30:547678,194.3,2,193.67,194.94,193.32
07-26 12:04:31:510089,194.3,2,193.67,194.94,193.32
07-26 12:04:32:509637,194.295,1,193.67,194.94,193.32
07-26 12:04:33:547391,194.31,1,193.67,194.94,193.32
07-26 12:04:34:535236,194.31,1,193.67,194.94,193.32
07-26 12:04:35:532059,194.3091,7,193.67,194.94,193.32
07-26 12:04:36:569831,194.3091,7,193.67,194.94,193.32
07-26 12:04:37:535017,194.32,9,193.67,194.94,193.32
07-26 12:04:38:538527,194.32,1,193.67,194.94,193.32
07-26 12:04:39:551934,194.33,1,193.67,194.94,193.32
07-26 12:04:40:557808,194.33,1,193.67,194.94,193.32
07-26 12:04:41:602336,194.33,1,193.67,194.94,193.32
07-26 12:04:42:571036,194.33,1,193.67,194.94,193.32
07-26 12:04:43:580241,194.3101,1,193.67,194.94,193.32
07-26 12:04:44:586575,194.33,1,193.67,194.94,193.32
07-26 12:04:45:634247,194.33,1,193.67,194.94,193.32
07-26 12:04:46:588119,194.33,1,193.67,194.94,193.32
07-26 12:04:47:585045,194.3269,3,193.67,194.94,193.32
07-26 12:04:48:635810,194.3299,5,193.67,194.94,193.32
07-26 12:04:49:633689,194.3299,5,193.67,194.94,193.32
07-26 12:04:50:598074,194.3299,5,193.67,194.94,193.32
07-26 12:04:51:596658,194.33,1,193.67,194.94,193.32
07-26 12:04:52:607977,194.345,5,193.67,194.94,193.32
07-26 12:04:53:610934,194.345,5,193.67,194.94,193.32
07-26 12:04:54:618739,194.35,1,193.67,194.94,193.32
07-26 12:04:55:625045,194.345,1,193.67,194.94,193.32
07-26 12:04:56:626753,194.345,2,193.67,194.94,193.32
07-26 12:04:57:625069,194.3509,3,193.67,194.94,193.32
07-26 12:04:58:634247,194.36,1,193.67,194.94,193.32
07-26 12:04:59:691264,194.36,1,193.67,194.94,193.32
07-26 12:05:00:683948,194.36,1,193.67,194.94,193.32
07-26 12:05:01:653345,194.36,1,193.67,194.94,193.32
07-26 12:05:02:643458,194.36,1,193.67,194.94,193.32
07-26 12:05:03:647679,194.36,1,193.67,194.94,193.32
07-26 12:05:04:650566,194.36,1,193.67,194.94,193.32
07-26 12:05:05:663401,194.36,1,193.67,194.94,193.32
07-26 12:05:06:658720,194.37,1,193.67,194.94,193.32
07-26 12:05:07:707309,194.3669,10,193.67,194.94,193.32
07-26 12:05:08:671689,194.35,1,193.67,194.94,193.32
07-26 12:05:09:723631,194.35,1,193.67,194.94,193.32
07-26 12:05:10:684694,194.36,3,193.67,194.94,193.32
07-26 12:05:11:726216,194.37,1,193.67,194.94,193.32
07-26 12:05:12:693172,194.37,1,193.67,194.94,193.32
07-26 12:05:13:696428,194.37,1,193.67,194.94,193.32
07-26 12:05:14:713708,194.39,5,193.67,194.94,193.32
07-26 12:05:15:753871,194.3801,5,193.67,194.94,193.32
07-26 12:05:16:718708,194.39,1,193.67,194.94,193.32
07-26 12:05:17:759106,194.385,2,193.67,194.94,193.32
07-26 12:05:18:729533,194.385,13,193.67,194.94,193.32
07-26 12:05:19:766480,194.385,13,193.67,194.94,193.32
07-26 12:05:20:825893,194.3876,1,193.67,194.94,193.32
07-26 12:05:21:779588,194.385,1,193.67,194.94,193.32
07-26 12:05:22:734973,194.385,1,193.67,194.94,193.32
07-26 12:05:23:748895,194.3843,3,193.67,194.94,193.32
07-26 12:05:24:747708,194.3843,3,193.67,194.94,193.32
07-26 12:05:25:783404,194.38,1,193.67,194.94,193.32
07-26 12:05:26:796702,194.38,2,193.67,194.94,193.32
07-26 12:05:27:809463,194.3734,6,193.67,194.94,193.32
07-26 12:05:28:806746,194.3738,3,193.67,194.94,193.32
07-26 12:05:29:777119,194.3738,3,193.67,194.94,193.32
07-26 12:05:30:829798,194.375,1,193.67,194.94,193.32
07-26 12:05:31:820667,194.375,1,193.67,194.94,193.32
07-26 12:05:32:784225,194.375,1,193.67,194.94,193.32
07-26 12:05:33:827082,194.3795,1,193.67,194.94,193.32
07-26 12:05:34:795560,194.3795,1,193.67,194.94,193.32
07-26 12:05:35:794025,194.375,1,193.67,194.94,193.32
07-26 12:05:36:803069,194.38,1,193.67,194.94,193.32
07-26 12:05:37:843908,194.38,1,193.67,194.94,193.32
07-26 12:05:38:845148,194.3779,2,193.67,194.94,193.32
07-26 12:05:39:845628,194.3779,2,193.67,194.94,193.32
07-26 12:05:40:817600,194.38,1,193.67,194.94,193.32
07-26 12:05:41:817910,194.38,1,193.67,194.94,193.32
07-26 12:05:42:823579,194.38,1,193.67,194.94,193.32
07-26 12:05:43:833916,194.38,1,193.67,194.94,193.32
07-26 12:05:44:837253,194.38,1,193.67,194.94,193.32
07-26 12:05:45:837354,194.36,1,193.67,194.94,193.32
07-26 12:05:46:848108,194.37,1,193.67,194.94,193.32
07-26 12:05:47:886530,194.36,1,193.67,194.94,193.32
07-26 12:05:48:867772,194.36,1,193.67,194.94,193.32
07-26 12:05:49:871389,194.3601,5,193.67,194.94,193.32
07-26 12:05:50:878525,194.3674,1,193.67,194.94,193.32
07-26 12:05:51:879579,194.37,1,193.67,194.94,193.32
07-26 12:05:52:888610,194.37,1,193.67,194.94,193.32
07-26 12:05:53:887589,194.37,1,193.67,194.94,193.32
07-26 12:05:54:937087,194.37,1,193.67,194.94,193.32
07-26 12:05:55:916173,194.37,1,193.67,194.94,193.32
07-26 12:05:56:899925,194.365,1,193.67,194.94,193.32
07-26 12:05:57:906888,194.3689,1,193.67,194.94,193.32
07-26 12:05:58:946715,194.3689,1,193.67,194.94,193.32
07-26 12:05:59:922811,194.37,1,193.67,194.94,193.32
07-26 12:06:00:929960,194.37,1,193.67,194.94,193.32
07-26 12:06:01:970461,194.37,1,193.67,194.94,193.32
07-26 12:06:02:926053,194.375,5,193.67,194.94,193.32
07-26 12:06:03:967430,194.3735,1,193.67,194.94,193.32
07-26 12:06:04:935549,194.38,1,193.67,194.94,193.32
07-26 12:06:05:946267,194.37,1,193.67,194.94,193.32
07-26 12:06:06:958206,194.37,1,193.67,194.94,193.32
07-26 12:06:07:963542,194.3772,1,193.67,194.94,193.32
07-26 12:06:09:008021,194.3772,1,193.67,194.94,193.32
07-26 12:06:10:016121,194.37,1,193.67,194.94,193.32
07-26 12:06:10:972974,194.375,1,193.67,194.94,193.32
07-26 12:06:11:975001,194.3791,5,193.67,194.94,193.32
07-26 12:06:12:985589,194.37,1,193.67,194.94,193.32
07-26 12:06:13:987920,194.375,1,193.67,194.94,193.32
07-26 12:06:14:996971,194.375,1,193.67,194.94,193.32
07-26 12:06:16:037693,194.37,1,193.67,194.94,193.32
07-26 12:06:16:997276,194.37,1,193.67,194.94,193.32
07-26 12:06:18:006611,194.3701,1,193.67,194.94,193.32
07-26 12:06:19:051852,194.35,1,193.67,194.94,193.32
07-26 12:06:20:050361,194.3501,5,193.67,194.94,193.32
07-26 12:06:21:018760,194.351,15,193.67,194.94,193.32
07-26 12:06:22:024148,194.351,15,193.67,194.94,193.32
07-26 12:06:23:030321,194.3521,1,193.67,194.94,193.32
07-26 12:06:24:030150,194.3501,3,193.67,194.94,193.32
07-26 12:06:25:083881,194.3501,3,193.67,194.94,193.32
07-26 12:06:26:092224,194.3501,3,193.67,194.94,193.32
07-26 12:06:27:058411,194.36,1,193.67,194.94,193.32
07-26 12:06:28:063925,194.37,1,193.67,194.94,193.32
07-26 12:06:29:069333,194.3799,12,193.67,194.94,193.32
07-26 12:06:30:076551,194.3799,12,193.67,194.94,193.32
07-26 12:06:31:083928,194.37,1,193.67,194.94,193.32
07-26 12:06:32:123054,194.37,1,193.67,194.94,193.32
07-26 12:06:33:129090,194.38,4,193.67,194.94,193.32
07-26 12:06:34:145869,194.365,1,193.67,194.94,193.32
07-26 12:06:35:142393,194.365,1,193.67,194.94,193.32
07-26 12:06:36:098659,194.365,1,193.67,194.94,193.32
07-26 12:06:37:104769,194.365,1,193.67,194.94,193.32
07-26 12:06:38:122072,194.37,1,193.67,194.94,193.32
07-26 12:06:39:120048,194.3732,1,193.67,194.94,193.32
07-26 12:06:40:162257,194.375,1,193.67,194.94,193.32
07-26 12:06:41:131670,194.37,2,193.67,194.94,193.32
07-26 12:06:42:147017,194.37,1,193.67,194.94,193.32
07-26 12:06:43:181838,194.37,1,193.67,194.94,193.32
07-26 12:06:44:184868,194.38,1,193.67,194.94,193.32
07-26 12:06:45:183522,194.38,1,193.67,194.94,193.32
07-26 12:06:46:201734,194.37,1,193.67,194.94,193.32
07-26 12:06:47:208915,194.37,1,193.67,194.94,193.32
07-26 12:06:48:167782,194.38,1,193.67,194.94,193.32
07-26 12:06:49:176128,194.38,1,193.67,194.94,193.32
07-26 12:06:50:171699,194.38,1,193.67,194.94,193.32
07-26 12:06:51:183927,194.38,1,193.67,194.94,193.32
07-26 12:06:52:187905,194.385,1,193.67,194.94,193.32
07-26 12:06:53:207043,194.3825,1,193.67,194.94,193.32
07-26 12:06:54:240560,194.3825,1,193.67,194.94,193.32
07-26 12:06:55:207483,194.38,1,193.67,194.94,193.32
07-26 12:06:56:212675,194.3825,1,193.67,194.94,193.32
07-26 12:06:57:221780,194.385,1,193.67,194.94,193.32
07-26 12:06:58:263598,194.3701,1,193.67,194.94,193.32
07-26 12:06:59:267113,194.38,1,193.67,194.94,193.32
07-26 12:07:00:275452,194.38,1,193.67,194.94,193.32
07-26 12:07:01:248551,194.3799,1,193.67,194.94,193.32
07-26 12:07:02:250768,194.3799,1,193.67,194.94,193.32
07-26 12:07:03:258361,194.3715,2,193.67,194.94,193.32
07-26 12:07:04:267790,194.3715,2,193.67,194.94,193.32
07-26 12:07:05:318270,194.37,1,193.67,194.94,193.32
07-26 12:07:06:321750,194.365,2,193.67,194.94,193.32
07-26 12:07:07:288003,194.36,1,193.67,194.94,193.32
07-26 12:07:08:289383,194.355,1,193.67,194.94,193.32
07-26 12:07:09:292862,194.355,1,193.67,194.94,193.32
07-26 12:07:10:338984,194.355,1,193.67,194.94,193.32
07-26 12:07:11:305856,194.3631,1,193.67,194.94,193.32
07-26 12:07:12:295332,194.3631,1,193.67,194.94,193.32
07-26 12:07:13:304746,194.365,1,193.67,194.94,193.32
07-26 12:07:14:308544,194.36,1,193.67,194.94,193.32
07-26 12:07:15:322357,194.36,1,193.67,194.94,193.32
07-26 12:07:16:336003,194.35,1,193.67,194.94,193.32
07-26 12:07:17:322534,194.35,1,193.67,194.94,193.32
07-26 12:07:18:365862,194.3312,1,193.67,194.94,193.32
07-26 12:07:19:339331,194.335,13,193.67,194.94,193.32
07-26 12:07:20:347371,194.33,1,193.67,194.94,193.32
07-26 12:07:21:339259,194.3399,13,193.67,194.94,193.32
07-26 12:07:22:386705,194.3399,13,193.67,194.94,193.32
07-26 12:07:23:405893,194.3399,13,193.67,194.94,193.32
07-26 12:07:24:404033,194.3391,1,193.67,194.94,193.32
07-26 12:07:25:372528,194.34,1,193.67,194.94,193.32
07-26 12:07:26:374907,194.34,1,193.67,194.94,193.32
07-26 12:07:27:400564,194.34,1,193.67,194.94,193.32
07-26 12:07:28:394621,194.345,1,193.67,194.94,193.32
07-26 12:07:29:423498,194.345,1,193.67,194.94,193.32
07-26 12:07:30:400968,194.345,1,193.67,194.94,193.32
07-26 12:07:31:442385,194.345,1,193.67,194.94,193.32
07-26 12:07:32:417843,194.345,1,193.67,194.94,193.32
07-26 12:07:33:418677,194.34,1,193.67,194.94,193.32
07-26 12:07:34:463805,194.345,1,193.67,194.94,193.32
07-26 12:07:35:460839,194.34,1,193.67,194.94,193.32
07-26 12:07:36:464443,194.33,1,193.67,194.94,193.32
07-26 12:07:37:433483,194.33,1,193.67,194.94,193.32
07-26 12:07:38:480187,194.33,1,193.67,194.94,193.32
07-26 12:07:39:492641,194.33,1,193.67,194.94,193.32
07-26 12:07:40:460001,194.33,1,193.67,194.94,193.32
07-26 12:07:41:492138,194.3391,5,193.67,194.94,193.32
07-26 12:07:42:461632,194.3391,5,193.67,194.94,193.32
07-26 12:07:43:464476,194.335,1,193.67,194.94,193.32
07-26 12:07:44:467963,194.335,1,193.67,194.94,193.32
07-26 12:07:45:473433,194.33,1,193.67,194.94,193.32
07-26 12:07:46:509647,194.33,1,193.67,194.94,193.32
07-26 12:07:47:475826,194.331,2,193.67,194.94,193.32
07-26 12:07:48:516580,194.325,1,193.67,194.94,193.32
07-26 12:07:49:485811,194.325,1,193.67,194.94,193.32
07-26 12:07:50:524468,194.325,1,193.67,194.94,193.32
07-26 12:07:51:529352,194.325,1,193.67,194.94,193.32
07-26 12:07:52:507891,194.325,1,193.67,194.94,193.32
07-26 12:07:53:510861,194.325,1,193.67,194.94,193.32
07-26 12:07:54:511169,194.325,1,193.67,194.94,193.32
07-26 12:07:55:522891,194.29,3,193.67,194.94,193.32
07-26 12:07:56:508301,194.29,1,193.67,194.94,193.32
07-26 12:07:57:557106,194.3,1,193.67,194.94,193.32
07-26 12:07:58:519290,194.31,9,193.67,194.94,193.32
07-26 12:07:59:523055,194.3091,1,193.67,194.94,193.32
07-26 12:08:00:568786,194.3122,1,193.67,194.94,193.32
07-26 12:08:01:537447,194.3183,4,193.67,194.94,193.32
07-26 12:08:02:561132,194.3183,4,193.67,194.94,193.32
07-26 12:08:03:584720,194.325,1,193.67,194.94,193.32
07-26 12:08:04:550935,194.32,1,193.67,194.94,193.32
07-26 12:08:05:551264,194.32,1,193.67,194.94,193.32
07-26 12:08:06:589279,194.3195,5,193.67,194.94,193.32
07-26 12:08:07:556281,194.325,3,193.67,194.94,193.32
07-26 12:08:08:554704,194.325,1,193.67,194.94,193.32
07-26 12:08:09:562506,194.32,1,193.67,194.94,193.32
07-26 12:08:10:559192,194.32,1,193.67,194.94,193.32
07-26 12:08:11:598713,194.32,1,193.67,194.94,193.32
07-26 12:08:12:563684,194.32,1,193.67,194.94,193.32
07-26 12:08:13:564248,194.32,1,193.67,194.94,193.32
07-26 12:08:14:605478,194.32,1,193.67,194.94,193.32
07-26 12:08:15:570599,194.32,1,193.67,194.94,193.32
07-26 12:08:16:572822,194.32,1,193.67,194.94,193.32
07-26 12:08:17:577579,194.32,1,193.67,194.94,193.32
07-26 12:08:18:571010,194.315,2,193.67,194.94,193.32
07-26 12:08:19:606651,194.315,2,193.67,194.94,193.32
07-26 12:08:20:580357,194.315,1,193.67,194.94,193.32
07-26 12:08:21:577479,194.315,1,193.67,194.94,193.32
07-26 12:08:22:623740,194.315,1,193.67,194.94,193.32
07-26 12:08:23:581538,194.3101,1,193.67,194.94,193.32
07-26 12:08:24:606441,194.3132,1,193.67,194.94,193.32
07-26 12:08:25:623855,194.3,1,193.67,194.94,193.32
07-26 12:08:26:597028,194.305,5,193.67,194.94,193.32
07-26 12:08:27:600361,194.3028,2,193.67,194.94,193.32
07-26 12:08:28:599237,194.3028,2,193.67,194.94,193.32
07-26 12:08:29:634713,194.3028,2,193.67,194.94,193.32
07-26 12:08:30:604495,194.3091,1,193.67,194.94,193.32
07-26 12:08:31:647642,194.305,1,193.67,194.94,193.32
07-26 12:08:32:646946,194.3006,1,193.67,194.94,193.32
07-26 12:08:33:656313,194.305,1,193.67,194.94,193.32
07-26 12:08:34:620492,194.305,1,193.67,194.94,193.32
07-26 12:08:35:653181,194.3036,3,193.67,194.94,193.32
07-26 12:08:36:619466,194.31,1,193.67,194.94,193.32
07-26 12:08:37:631828,194.31,1,193.67,194.94,193.32
07-26 12:08:38:670246,194.31,1,193.67,194.94,193.32
07-26 12:08:39:690794,194.3064,1,193.67,194.94,193.32
07-26 12:08:40:753003,194.3064,1,193.67,194.94,193.32
07-26 12:08:41:801423,194.3064,1,193.67,194.94,193.32
07-26 12:23:47:366909,194.22,1,193.67,194.94,193.32
07-26 12:23:47:954619,194.22,1,193.67,194.94,193.32
07-26 12:23:49:003929,194.22,1,193.67,194.94,193.32
07-26 12:23:49:973399,194.22,1,193.67,194.94,193.32
07-26 12:23:51:014750,194.222,1,193.67,194.94,193.32
07-26 12:23:51:972092,194.21,1,193.67,194.94,193.32
07-26 12:23:52:990020,194.208,1,193.67,194.94,193.32
07-26 12:23:53:983902,194.19,14,193.67,194.94,193.32
07-26 12:23:55:031946,194.195,1,193.67,194.94,193.32
07-26 12:23:55:989363,194.205,1,193.67,194.94,193.32
07-26 12:23:56:996981,194.205,1,193.67,194.94,193.32
07-26 12:23:57:999743,194.205,1,193.67,194.94,193.32
07-26 12:23:59:003670,194.205,5,193.67,194.94,193.32
07-26 12:24:00:010521,194.205,5,193.67,194.94,193.32
07-26 12:24:01:051558,194.215,1,193.67,194.94,193.32
07-26 12:24:02:041276,194.2191,4,193.67,194.94,193.32