,Date,Close,Volume,Insider_Trades,Negative_Count,Neutral_Count,Positive_Count,Total_Count,Close_Delta
0,2021-07-01,157.0800018310547,10479400,0.0,0.0,0.0,0.0,0.0,
1,2021-07-02,156.02999877929688,11424000,0.0,0.0,0.0,0.0,0.0,-1.0500030517578125
2,2021-07-06,153.41000366210938,15083400,0.0,0.0,0.0,0.0,0.0,-2.6199951171875
3,2021-07-07,153.58999633789062,12271800,0.0,0.0,0.0,0.0,0.0,0.17999267578125
4,2021-07-08,150.94000244140625,17834600,0.0,0.0,0.0,0.0,0.0,-2.649993896484375
5,2021-07-09,155.77000427246094,13694500,0.0,0.0,0.0,0.0,0.0,4.8300018310546875
6,2021-07-12,158.0,19940400,0.0,0.0,0.0,0.0,0.0,2.2299957275390625
7,2021-07-13,155.64999389648438,22671700,0.0,0.0,0.0,0.0,0.0,-2.350006103515625
8,2021-07-14,155.1199951171875,14622800,0.0,0.0,0.0,0.0,0.0,-0.529998779296875
9,2021-07-15,155.4600067138672,11539300,0.0,0.0,0.0,0.0,0.0,0.3400115966796875
10,2021-07-16,151.91000366210938,14002700,0.0,0.0,0.0,0.0,0.0,-3.5500030517578125
11,2021-07-19,146.97000122070312,22172900,0.0,0.0,0.0,0.0,0.0,-4.94000244140625
12,2021-07-20,149.7100067138672,15385200,0.0,0.0,0.0,0.0,0.0,2.7400054931640625
13,2021-07-21,152.86000061035156,12356700,0.0,0.0,0.0,0.0,0.0,3.149993896484375
14,2021-07-22,150.92999267578125,9913300,0.0,0.0,0.0,0.0,0.0,-1.9300079345703125
15,2021-07-23,150.63999938964844,9666100,0.0,0.0,0.0,0.0,0.0,-0.2899932861328125
16,2021-07-26,151.64999389648438,8208000,0.0,0.0,0.0,0.0,0.0,1.0099945068359375
17,2021-07-27,151.4499969482422,11218700,0.0,0.0,0.0,0.0,0.0,-0.1999969482421875
18,2021-07-28,151.6999969482422,9217300,0.0,0.0,0.0,0.0,0.0,0.25
19,2021-07-29,153.0,9063500,0.0,0.0,0.0,0.0,0.0,1.3000030517578125
20,2021-07-30,151.77999877929688,9805200,0.0,0.0,0.0,0.0,0.0,-1.220001220703125
21,2021-08-02,151.1699981689453,10203200,0.0,0.0,0.0,0.0,0.0,-0.6100006103515625
22,2021-08-03,152.88999938964844,10394800,0.0,0.0,0.0,0.0,0.0,1.720001220703125
23,2021-08-04,151.24000549316406,10155000,0.0,0.0,0.0,0.0,0.0,-1.649993896484375
24,2021-08-05,153.14999389648438,9151500,0.0,0.0,0.0,0.0,0.0,1.9099884033203125
25,2021-08-06,157.5,13328800,0.0,0.0,0.0,0.0,0.0,4.350006103515625
26,2021-08-09,157.3300018310547,9516900,0.0,0.0,0.0,0.0,0.0,-0.1699981689453125
27,2021-08-10,159.25999450683594,8667000,0.0,0.0,0.0,0.0,0.0,1.92999267578125
28,2021-08-11,161.16000366210938,9156500,0.0,0.0,0.0,0.0,0.0,1.9000091552734375
29,2021-08-12,161.7899932861328,8844200,0.0,0.0,0.0,0.0,0.0,0.6299896240234375
30,2021-08-13,159.97999572753906,8980900,0.0,0.0,0.0,0.0,0.0,-1.80999755859375
31,2021-08-16,158.92999267578125,8755800,0.0,0.0,0.0,0.0,0.0,-1.0500030517578125
32,2021-08-17,157.00999450683594,9347200,0.0,0.0,0.0,0.0,0.0,-1.9199981689453125
33,2021-08-18,155.5800018310547,8065500,0.0,0.0,0.0,0.0,0.0,-1.42999267578125
34,2021-08-19,154.27999877929688,9517700,0.0,0.0,0.0,0.0,0.0,-1.3000030517578125
35,2021-08-20,154.72000122070312,6974100,0.0,0.0,0.0,0.0,0.0,0.44000244140625
36,2021-08-23,156.6999969482422,7934600,0.0,0.0,0.0,0.0,0.0,1.9799957275390625
37,2021-08-24,157.6699981689453,7670900,0.0,0.0,0.0,0.0,0.0,0.970001220703125
38,2021-08-25,160.9199981689453,11335000,0.0,0.0,0.0,0.0,0.0,3.25
39,2021-08-26,161.75,11027500,0.0,0.0,0.0,0.0,0.0,0.8300018310546875
40,2021-08-27,163.0500030517578,8780200,0.0,0.0,0.0,0.0,0.0,1.3000030517578125
41,2021-08-30,160.44000244140625,7937600,0.0,0.0,0.0,0.0,0.0,-2.6100006103515625
42,2021-08-31,159.9499969482422,12340800,0.0,0.0,0.0,0.0,0.0,-0.4900054931640625
43,2021-09-01,159.72000122070312,8729900,0.0,0.0,0.0,0.0,0.0,-0.2299957275390625
44,2021-09-02,160.4600067138672,8813300,0.0,0.0,0.0,0.0,0.0,0.7400054931640625
45,2021-09-03,159.49000549316406,7959700,0.0,0.0,0.0,0.0,0.0,-0.970001220703125
46,2021-09-07,159.2100067138672,9285600,0.0,0.0,0.0,0.0,0.0,-0.279998779296875
47,2021-09-08,158.5,7852700,0.0,0.0,0.0,0.0,0.0,-0.7100067138671875
48,2021-09-09,159.19000244140625,7904300,0.0,0.0,0.0,0.0,0.0,0.69000244140625
49,2021-09-10,157.36000061035156,8311600,0.0,0.0,0.0,0.0,0.0,-1.8300018310546875
50,2021-09-13,159.86000061035156,10052800,0.0,0.0,0.0,0.0,0.0,2.5
51,2021-09-14,157.07000732421875,11685600,0.0,0.0,0.0,0.0,0.0,-2.7899932861328125
52,2021-09-15,158.16000366210938,11691500,0.0,0.0,0.0,0.0,0.0,1.089996337890625
53,2021-09-16,158.08999633789062,10880900,0.0,0.0,0.0,0.0,0.0,-0.07000732421875
54,2021-09-17,157.67999267578125,25581600,0.0,0.0,0.0,0.0,0.0,-0.410003662109375
55,2021-09-20,152.9600067138672,15819900,0.0,0.0,0.0,0.0,0.0,-4.7199859619140625
56,2021-09-21,152.97999572753906,8999900,0.0,0.0,0.0,0.0,0.0,0.019989013671875
57,2021-09-22,155.91000366210938,11236200,0.0,0.0,0.0,0.0,0.0,2.9300079345703125
58,2021-09-23,161.17999267578125,12336100,0.0,0.0,0.0,0.0,0.0,5.269989013671875
59,2021-09-24,163.0399932861328,10102400,0.0,0.0,0.0,0.0,0.0,1.8600006103515625
60,2021-09-27,166.97999572753906,13220900,0.0,0.0,0.0,0.0,0.0,3.94000244140625
61,2021-09-28,166.0800018310547,13387900,0.0,0.0,0.0,0.0,0.0,-0.899993896484375
62,2021-09-29,165.9499969482422,7777100,0.0,0.0,0.0,0.0,0.0,-0.1300048828125
63,2021-09-30,163.69000244140625,13161200,0.0,0.0,0.0,0.0,0.0,-2.2599945068359375
64,2021-10-01,167.1300048828125,11285000,0.0,0.0,0.0,0.0,0.0,3.44000244140625
65,2021-10-04,166.9499969482422,14120000,0.0,0.0,0.0,0.0,0.0,-0.1800079345703125
66,2021-10-05,168.66000366210938,12292900,0.0,0.0,0.0,0.0,0.0,1.7100067138671875
67,2021-10-06,169.02000427246094,8692600,0.0,0.0,0.0,0.0,0.0,0.3600006103515625
68,2021-10-07,170.08999633789062,10195400,0.0,0.0,0.0,0.0,0.0,1.0699920654296875
69,2021-10-08,170.22000122070312,8190100,0.0,0.0,0.0,0.0,0.0,0.1300048828125
70,2021-10-11,166.63999938964844,12154700,0.0,0.0,0.0,0.0,0.0,-3.5800018310546875
71,2021-10-12,165.36000061035156,13032600,0.0,0.0,0.0,0.0,0.0,-1.279998779296875
72,2021-10-13,161.0,22753500,0.0,0.0,0.0,0.0,0.0,-4.3600006103515625
73,2021-10-14,163.47000122070312,15176800,0.0,0.0,0.0,0.0,0.0,2.470001220703125
74,2021-10-15,166.61000061035156,14267400,0.0,0.0,0.0,0.0,0.0,3.1399993896484375
75,2021-10-18,166.5500030517578,12672900,0.0,0.0,0.0,0.0,0.0,-0.05999755859375
76,2021-10-19,168.57000732421875,8053900,0.0,0.0,0.0,0.0,0.0,2.0200042724609375
77,2021-10-20,170.83999633789062,8185600,0.0,0.0,0.0,0.0,0.0,2.269989013671875
78,2021-10-21,169.5,8415200,0.0,0.0,0.0,0.0,0.0,-1.339996337890625
79,2021-10-22,171.77999877929688,8817900,0.0,0.0,0.0,0.0,0.0,2.279998779296875
80,2021-10-25,170.94000244140625,10159200,0.0,0.0,0.0,0.0,0.0,-0.839996337890625
81,2021-10-26,171.39999389648438,8015100,0.0,0.0,0.0,0.0,0.0,0.459991455078125
82,2021-10-27,167.8300018310547,9847000,0.0,0.0,0.0,0.0,0.0,-3.5699920654296875
83,2021-10-28,170.36000061035156,7212900,0.0,0.0,0.0,0.0,0.0,2.529998779296875
84,2021-10-29,169.88999938964844,8140100,0.0,0.0,0.0,0.0,0.0,-0.470001220703125
85,2021-11-01,169.8000030517578,7435500,0.0,0.0,0.0,0.0,0.0,-0.089996337890625
86,2021-11-02,170.47000122070312,7173800,0.0,0.0,0.0,0.0,0.0,0.6699981689453125
87,2021-11-03,170.52999877929688,8402700,0.0,0.0,0.0,0.0,0.0,0.05999755859375
88,2021-11-04,168.2899932861328,9574200,0.0,0.0,0.0,0.0,0.0,-2.2400054931640625
89,2021-11-05,168.0500030517578,7975600,0.0,0.0,0.0,0.0,0.0,-0.239990234375
90,2021-11-08,169.05999755859375,6413700,0.0,0.0,0.0,0.0,0.0,1.0099945068359375
91,2021-11-09,167.77999877929688,7990300,0.0,0.0,0.0,0.0,0.0,-1.279998779296875
92,2021-11-10,167.6199951171875,6999200,0.0,0.0,0.0,0.0,0.0,-0.160003662109375
93,2021-11-11,167.61000061035156,5815300,0.0,0.0,0.0,0.0,0.0,-0.0099945068359375
94,2021-11-12,166.86000061035156,8113400,0.0,0.0,0.0,0.0,0.0,-0.75
95,2021-11-15,166.55999755859375,6492500,0.0,0.0,0.0,0.0,0.0,-0.3000030517578125
96,2021-11-16,165.36000061035156,9706100,0.0,0.0,0.0,0.0,0.0,-1.1999969482421875
97,2021-11-17,164.47000122070312,9909600,0.0,0.0,0.0,0.0,0.0,-0.8899993896484375
98,2021-11-18,163.0500030517578,8122500,0.0,0.0,0.0,0.0,0.0,-1.4199981689453125
99,2021-11-19,160.9199981689453,12193600,0.0,0.0,0.0,0.0,0.0,-2.1300048828125
100,2021-11-22,164.35000610351562,14549900,0.0,0.0,0.0,0.0,0.0,3.4300079345703125
101,2021-11-23,168.27999877929688,12354400,0.0,0.0,0.0,0.0,0.0,3.92999267578125
102,2021-11-24,166.9600067138672,9629800,0.0,0.0,0.0,0.0,0.0,-1.3199920654296875
103,2021-11-26,161.92999267578125,13619300,0.0,0.0,0.0,0.0,0.0,-5.0300140380859375
104,2021-11-29,161.22999572753906,12104400,0.0,0.0,0.0,0.0,0.0,-0.6999969482421875
105,2021-11-30,158.8300018310547,18922600,0.0,0.0,0.0,0.0,0.0,-2.399993896484375
106,2021-12-01,157.88999938964844,12253400,0.0,0.0,0.0,0.0,0.0,-0.94000244140625
107,2021-12-02,161.2100067138672,12969900,0.0,0.0,0.0,0.0,0.0,3.32000732421875
108,2021-12-03,158.2899932861328,12681800,0.0,0.0,0.0,0.0,0.0,-2.920013427734375
109,2021-12-06,160.16000366210938,11186500,0.0,0.0,0.0,0.0,0.0,1.8700103759765625
110,2021-12-07,162.57000732421875,9851600,0.0,0.0,0.0,0.0,0.0,2.410003662109375
111,2021-12-08,160.7100067138672,11705700,0.0,0.0,0.0,0.0,0.0,-1.8600006103515625
112,2021-12-09,160.4600067138672,11189600,0.0,0.0,0.0,0.0,0.0,-0.25
113,2021-12-10,159.82000732421875,10405400,0.0,0.0,0.0,0.0,0.0,-0.6399993896484375
114,2021-12-13,157.9199981689453,12069000,0.0,0.0,0.0,0.0,0.0,-1.9000091552734375
115,2021-12-14,159.1300048828125,12563600,0.0,0.0,0.0,0.0,0.0,1.2100067138671875
116,2021-12-15,157.94000244140625,14014200,0.0,0.0,0.0,0.0,0.0,-1.19000244140625
117,2021-12-16,160.41000366210938,19542800,0.0,0.0,0.0,0.0,0.0,2.470001220703125
118,2021-12-17,156.75999450683594,28082000,0.0,0.0,0.0,0.0,0.0,-3.6500091552734375
119,2021-12-20,153.94000244140625,15148000,0.0,0.0,0.0,0.0,0.0,-2.8199920654296875
120,2021-12-21,156.08999633789062,11291300,0.0,0.0,0.0,0.0,0.0,2.149993896484375
121,2021-12-22,156.6999969482422,7273000,0.0,0.0,0.0,0.0,0.0,0.6100006103515625
122,2021-12-23,157.25999450683594,8055200,0.0,0.0,0.0,0.0,0.0,0.55999755859375
123,2021-12-27,158.16000366210938,6188100,0.0,0.0,0.0,0.0,0.0,0.9000091552734375
124,2021-12-28,158.63999938964844,6342300,0.0,0.0,0.0,0.0,0.0,0.4799957275390625
125,2021-12-29,158.55999755859375,6398900,0.0,0.0,0.0,0.0,0.0,-0.0800018310546875
126,2021-12-30,158.47999572753906,6948200,0.0,0.0,0.0,0.0,0.0,-0.0800018310546875
127,2021-12-31,158.35000610351562,5805900,0.0,0.0,0.0,0.0,0.0,-0.1299896240234375
128,2022-01-03,161.6999969482422,13120900,0.0,0.0,0.0,0.0,0.0,3.3499908447265625
129,2022-01-04,167.8300018310547,20195800,0.0,0.0,0.0,0.0,0.0,6.1300048828125
130,2022-01-05,163.77999877929688,17539400,0.0,0.0,0.0,0.0,0.0,-4.0500030517578125
131,2022-01-06,165.52000427246094,14047500,0.0,0.0,0.0,0.0,0.0,1.7400054931640625
132,2022-01-07,167.16000366210938,13913300,0.0,0.0,0.0,0.0,0.0,1.6399993896484375
133,2022-01-10,167.32000732421875,12922500,0.0,0.0,0.0,0.0,0.0,0.160003662109375
134,2022-01-11,167.49000549316406,11854100,0.0,0.0,0.0,0.0,0.0,0.1699981689453125
135,2022-01-12,168.44000244140625,12568000,0.0,0.0,0.0,0.0,0.0,0.9499969482421875
136,2022-01-13,168.22999572753906,13623400,0.0,0.0,0.0,0.0,0.0,-0.2100067138671875
137,2022-01-14,157.88999938964844,40158400,0.0,0.0,0.0,0.0,0.0,-10.339996337890625
138,2022-01-18,151.27000427246094,32324800,0.0,0.0,0.0,0.0,0.0,-6.6199951171875
139,2022-01-19,148.92999267578125,22380000,0.0,0.0,0.0,0.0,0.0,-2.3400115966796875
140,2022-01-20,147.66000366210938,14860800,0.0,0.0,0.0,0.0,0.0,-1.269989013671875
141,2022-01-21,145.0800018310547,20705400,0.0,0.0,0.0,0.0,0.0,-2.5800018310546875
142,2022-01-24,144.9499969482422,28471400,0.0,0.0,0.0,0.0,0.0,-0.1300048828125
143,2022-01-25,146.52999877929688,18915900,0.0,0.0,0.0,0.0,0.0,1.5800018310546875
144,2022-01-26,147.9199981689453,20709100,0.0,0.0,0.0,0.0,0.0,1.3899993896484375
145,2022-01-27,145.30999755859375,17536800,0.0,0.0,0.0,0.0,0.0,-2.6100006103515625
146,2022-01-28,146.61000061035156,14117000,0.0,0.0,0.0,0.0,0.0,1.3000030517578125
147,2022-01-31,148.60000610351562,13985700,0.0,0.0,0.0,0.0,0.0,1.9900054931640625
148,2022-02-01,151.14999389648438,14584900,0.0,0.0,0.0,0.0,0.0,2.54998779296875
149,2022-02-02,149.94000244140625,12441100,0.0,0.0,0.0,0.0,0.0,-1.209991455078125
150,2022-02-03,148.6999969482422,12474900,0.0,0.0,0.0,0.0,0.0,-1.2400054931640625
151,2022-02-04,152.55999755859375,16654400,0.0,0.0,0.0,0.0,0.0,3.8600006103515625
152,2022-02-07,153.07000732421875,12572300,0.0,0.0,0.0,0.0,0.0,0.510009765625
153,2022-02-08,155.9499969482422,20411400,0.0,0.0,0.0,0.0,0.0,2.8799896240234375
154,2022-02-09,156.60000610351562,9131100,0.0,0.0,0.0,0.0,0.0,0.6500091552734375
155,2022-02-10,155.9499969482422,16455600,0.0,0.0,0.0,0.0,0.0,-0.6500091552734375
156,2022-02-11,153.9199981689453,16830000,0.0,0.0,0.0,0.0,0.0,-2.029998779296875
157,2022-02-14,152.49000549316406,17026500,0.0,0.0,0.0,0.0,0.0,-1.42999267578125
158,2022-02-15,154.72000122070312,9500000,0.0,0.0,0.0,0.0,0.0,2.2299957275390625
159,2022-02-16,155.0,9076500,0.0,0.0,0.0,0.0,0.0,0.279998779296875
160,2022-02-17,151.42999267578125,11367500,0.0,0.0,0.0,0.0,0.0,-3.57000732421875
161,2022-02-18,152.13999938964844,11733300,0.0,0.0,0.0,0.0,0.0,0.7100067138671875
162,2022-02-22,151.8699951171875,11333500,0.0,0.0,0.0,0.0,0.0,-0.2700042724609375
163,2022-02-23,148.69000244140625,11799000,0.0,0.0,0.0,0.0,0.0,-3.17999267578125
164,2022-02-24,144.5500030517578,25655100,0.0,0.0,0.0,0.0,0.0,-4.1399993896484375
165,2022-02-25,147.97000122070312,18367700,0.0,0.0,0.0,0.0,0.0,3.4199981689453125
166,2022-02-28,141.8000030517578,31315300,0.0,0.0,0.0,0.0,0.0,-6.1699981689453125
167,2022-03-01,136.4499969482422,36840400,0.0,0.0,0.0,0.0,0.0,-5.350006103515625
168,2022-03-02,139.27999877929688,19405600,0.0,0.0,0.0,0.0,0.0,2.8300018310546875
169,2022-03-03,138.2899932861328,16640800,0.0,0.0,0.0,0.0,0.0,-0.9900054931640625
170,2022-03-04,134.39999389648438,21016000,0.0,0.0,0.0,0.0,0.0,-3.8899993896484375
171,2022-03-07,129.2100067138672,27560100,0.0,0.0,0.0,0.0,0.0,-5.1899871826171875
172,2022-03-08,128.3000030517578,19207800,0.0,0.0,0.0,0.0,0.0,-0.910003662109375
173,2022-03-09,133.44000244140625,17536200,0.0,0.0,0.0,0.0,0.0,5.1399993896484375
174,2022-03-10,131.86000061035156,15604200,0.0,0.0,0.0,0.0,0.0,-1.5800018310546875
175,2022-03-11,128.88999938964844,20061800,0.0,0.0,0.0,0.0,0.0,-2.970001220703125
176,2022-03-14,130.1699981689453,15786900,0.0,0.0,0.0,0.0,0.0,1.279998779296875
177,2022-03-15,132.47999572753906,15096600,0.0,0.0,0.0,0.0,0.0,2.30999755859375
178,2022-03-16,138.39999389648438,20354900,0.0,0.0,0.0,0.0,0.0,5.9199981689453125
179,2022-03-17,140.14999389648438,17050500,0.0,0.0,0.0,0.0,0.0,1.75
180,2022-03-18,140.10000610351562,23656500,0.0,0.0,0.0,0.0,0.0,-0.04998779296875
181,2022-03-21,139.64999389648438,12676100,0.0,0.0,0.0,0.0,0.0,-0.45001220703125
182,2022-03-22,142.6199951171875,13548600,0.0,0.0,0.0,0.0,0.0,2.970001220703125
183,2022-03-23,139.77999877929688,12093200,0.0,0.0,0.0,0.0,0.0,-2.839996337890625
184,2022-03-24,140.69000244140625,10017600,0.0,0.0,0.0,0.0,0.0,0.910003662109375
185,2022-03-25,141.9199981689453,8383500,0.0,0.0,0.0,0.0,0.0,1.2299957275390625
186,2022-03-28,140.8699951171875,10818100,0.0,0.0,0.0,0.0,0.0,-1.0500030517578125
187,2022-03-29,141.17999267578125,11316500,0.0,0.0,0.0,0.0,0.0,0.30999755859375
188,2022-03-30,140.5399932861328,8771000,0.0,0.0,0.0,0.0,0.0,-0.6399993896484375
189,2022-03-31,136.32000732421875,17353900,0.0,0.0,0.0,0.0,0.0,-4.2199859619140625
190,2022-04-01,135.30999755859375,15721300,0.0,0.0,0.0,0.0,0.0,-1.010009765625
191,2022-04-04,135.91000366210938,17416400,0.0,0.0,0.0,0.0,0.0,0.600006103515625
192,2022-04-05,133.33999633789062,12110300,0.0,0.0,0.0,0.0,0.0,-2.57000732421875
193,2022-04-06,131.49000549316406,12914700,0.0,0.0,0.0,0.0,0.0,-1.8499908447265625
194,2022-04-07,131.08999633789062,12994200,0.0,0.0,0.0,0.0,0.0,-0.4000091552734375
195,2022-04-08,133.49000549316406,13126900,0.0,0.0,0.0,0.0,0.0,2.4000091552734375
196,2022-04-11,133.0,10466400,0.0,0.0,0.0,0.0,0.0,-0.4900054931640625
197,2022-04-12,131.5399932861328,12989900,0.0,0.0,0.0,0.0,0.0,-1.4600067138671875
198,2022-04-13,127.3000030517578,30838000,0.0,0.0,0.0,0.0,0.0,-4.239990234375014
199,2022-04-14,126.12000274658205,18835200,0.0,0.0,0.0,0.0,0.0,-1.1800003051757528
200,2022-04-18,128.4600067138672,11834400,0.0,0.0,0.0,0.0,0.0,2.340003967285142
201,2022-04-19,131.1199951171875,15015400,0.0,0.0,0.0,0.0,0.0,2.6599884033203125
202,2022-04-20,131.5800018310547,13430200,0.0,0.0,0.0,0.0,0.0,0.4600067138671875
203,2022-04-21,130.55999755859375,12174200,0.0,0.0,0.0,0.0,0.0,-1.0200042724609375
204,2022-04-22,126.80999755859376,14318800,0.0,0.0,0.0,0.0,0.0,-3.749999999999986
205,2022-04-25,126.7699966430664,17149000,0.0,0.0,0.0,0.0,0.0,-0.04000091552735796
206,2022-04-26,123.0199966430664,17209500,0.0,0.0,0.0,0.0,0.0,-3.75
207,2022-04-27,121.41999816894533,17215200,0.0,0.0,0.0,0.0,0.0,-1.5999984741210795
208,2022-04-28,123.33999633789062,13015600,0.0,0.0,0.0,0.0,0.0,1.9199981689452983
209,2022-04-29,119.36000061035156,14874800,0.0,0.0,0.0,0.0,0.0,-3.9799957275390625
210,2022-05-02,120.4499969482422,18545000,0.0,0.0,0.0,0.0,0.0,1.0899963378906392
211,2022-05-03,123.02999877929688,15720900,0.0,0.0,0.0,0.0,0.0,2.5800018310546733
212,2022-05-04,127.0999984741211,17128500,0.0,0.0,0.0,0.0,0.0,4.069999694824219
213,2022-05-05,123.91999816894533,15055400,0.0,0.0,0.0,0.0,0.0,-3.180000305175767
214,2022-05-06,123.72000122070312,14417900,0.0,0.0,0.0,0.0,0.0,-0.1999969482422017
215,2022-05-09,121.86000061035156,14312300,0.0,0.0,0.0,0.0,0.0,-1.8600006103515625
216,2022-05-10,118.88999938964844,16382400,0.0,0.0,0.0,0.0,0.0,-2.970001220703125
217,2022-05-11,118.13999938964844,14630300,0.0,0.0,0.0,0.0,0.0,-0.75
218,2022-05-12,118.04000091552734,16318800,0.0,0.0,0.0,0.0,0.0,-0.09999847412109375
219,2022-05-13,119.08999633789062,10443200,0.0,0.0,0.0,0.0,0.0,1.0499954223632812
220,2022-05-16,118.26000213623048,10269000,0.0,0.0,0.0,0.0,0.0,-0.829994201660142
221,2022-05-17,122.18000030517578,11160200,0.0,0.0,0.0,0.0,0.0,3.9199981689452983
222,2022-05-18,120.08999633789062,12664900,0.0,0.0,0.0,0.0,0.0,-2.0900039672851562
223,2022-05-19,118.30999755859376,12765800,0.0,0.0,0.0,0.0,0.0,-1.7799987792968608
224,2022-05-20,117.33999633789062,13150100,0.0,0.0,0.0,0.0,0.0,-0.9700012207031392
225,2022-05-23,124.5999984741211,24376700,0.0,0.0,0.0,0.0,0.0,7.260002136230469
226,2022-05-24,126.36000061035156,19324900,0.0,0.0,0.0,0.0,0.0,1.7600021362304688
227,2022-05-25,127.23999786376952,12780400,0.0,0.0,0.0,0.0,0.0,0.8799972534179545
228,2022-05-26,129.44000244140625,15990900,0.0,0.0,0.0,0.0,0.0,2.200004577636733
229,2022-05-27,131.27000427246094,11177800,0.0,0.0,0.0,0.0,0.0,1.8300018310546875
230,2022-05-31,132.22999572753906,17015000,0.0,0.0,0.0,0.0,0.0,0.959991455078125
231,2022-06-01,129.91000366210938,10768000,0.0,0.0,0.0,0.0,0.0,-2.3199920654296875
232,2022-06-02,132.0,8374800,0.0,0.0,0.0,0.0,0.0,2.089996337890625
233,2022-06-03,130.16000366210938,8596000,0.0,0.0,0.0,0.0,0.0,-1.839996337890625
234,2022-06-06,129.72999572753906,11323500,0.0,0.0,0.0,0.0,0.0,-0.4300079345703125
235,2022-06-07,130.07000732421875,6722200,0.0,0.0,0.0,0.0,0.0,0.3400115966796875
236,2022-06-08,128.0,8422100,0.0,0.0,0.0,0.0,0.0,-2.07000732421875
237,2022-06-09,125.30999755859376,13560100,0.0,0.0,0.0,0.0,0.0,-2.690002441406236
238,2022-06-10,119.5500030517578,12945200,0.0,0.0,0.0,0.0,0.0,-5.759994506835966
239,2022-06-13,115.98999786376952,16805600,0.0,0.0,0.0,0.0,0.0,-3.5600051879882812
240,2022-06-14,114.05999755859376,13357900,0.0,0.0,0.0,0.0,0.0,-1.9300003051757528
241,2022-06-15,115.41000366210938,14083500,0.0,0.0,0.0,0.0,0.0,1.3500061035156108
242,2022-06-16,113.43000030517578,16724900,0.0,0.0,0.0,0.0,0.0,-1.9800033569335938
243,2022-06-17,113.02999877929688,30919900,0.0,0.0,0.0,0.0,0.0,-0.40000152587890625
244,2022-06-21,115.83000183105467,11680500,0.0,0.0,0.0,0.0,0.0,2.8000030517577983
245,2022-06-22,115.18000030517578,9842700,0.0,0.0,0.0,0.0,0.0,-0.650001525878892
246,2022-06-23,113.91999816894533,11851500,0.0,0.0,0.0,0.0,0.0,-1.2600021362304545
247,2022-06-24,117.31999969482422,14841100,0.0,0.0,0.0,0.0,0.0,3.400001525878892
248,2022-06-27,116.37999725341795,11280500,0.0,0.0,0.0,0.0,0.0,-0.9400024414062642
249,2022-06-28,115.81999969482422,11590900,0.0,0.0,0.0,0.0,0.0,-0.5599975585937358
250,2022-06-29,115.3000030517578,9338400,0.0,0.0,0.0,0.0,0.0,-0.5199966430664205
251,2022-06-30,112.61000061035156,15172600,0.0,0.0,0.0,0.0,0.0,-2.690002441406236
252,2022-07-01,114.0500030517578,10573600,0.0,0.0,0.0,0.0,0.0,1.4400024414062358
253,2022-07-05,112.62000274658205,12514200,0.0,0.0,0.0,0.0,0.0,-1.4300003051757528
254,2022-07-06,111.88999938964844,10656200,0.0,0.0,0.0,0.0,0.0,-0.730003356933608
255,2022-07-07,114.72000122070312,10347400,0.0,0.0,0.0,0.0,0.0,2.8300018310546875
256,2022-07-08,114.36000061035156,8807800,0.0,0.0,0.0,0.0,0.0,-0.3600006103515625
257,2022-07-11,112.86000061035156,7939500,0.0,0.0,0.0,0.0,0.0,-1.5
258,2022-07-12,112.97000122070312,11250900,0.0,0.0,0.0,0.0,0.0,0.1100006103515625
259,2022-07-13,111.91000366210938,12979900,0.0,0.0,0.0,0.0,0.0,-1.05999755859375
260,2022-07-14,108.0,26204800,0.0,0.0,0.0,0.0,0.0,-3.910003662109375
261,2022-07-15,112.9499969482422,18863900,0.0,0.0,0.0,0.0,0.0,4.949996948242202
262,2022-07-18,111.79000091552734,13977900,0.0,0.0,0.0,0.0,0.0,-1.159996032714858
263,2022-07-19,114.55999755859376,11862300,0.0,0.0,0.0,0.0,0.0,2.7699966430664205
264,2022-07-20,114.54000091552734,11667500,0.0,0.0,0.0,0.0,0.0,-0.01999664306642046
265,2022-07-21,115.31999969482422,11595900,0.0,0.0,0.0,0.0,0.0,0.779998779296875
266,2022-07-22,114.76000213623048,7645500,0.0,0.0,0.0,0.0,0.0,-0.5599975585937358
267,2022-07-25,115.22000122070312,9394000,0.0,0.0,0.0,0.0,0.0,0.45999908447264204
268,2022-07-26,113.41999816894533,10675100,0.0,0.0,0.0,0.0,0.0,-1.8000030517577983
269,2022-07-27,115.23999786376952,9337400,0.0,0.0,0.0,0.0,0.0,1.8199996948241903
270,2022-07-28,114.80999755859376,10384800,0.0,0.0,0.0,0.0,0.0,-0.43000030517575283
271,2022-07-29,115.36000061035156,12944500,0.0,0.0,0.0,0.0,0.0,0.5500030517577983
272,2022-08-01,114.20999908447266,14740400,0.0,0.0,0.0,0.0,0.0,-1.1500015258789062
273,2022-08-02,112.43000030517578,14942900,0.0,0.0,0.0,0.0,0.0,-1.779998779296875
274,2022-08-03,113.61000061035156,14394500,0.0,0.0,0.0,0.0,0.0,1.1800003051757812
275,2022-08-04,112.36000061035156,18033900,0.0,0.0,0.0,0.0,0.0,-1.25
276,2022-08-05,115.76000213623048,14174600,0.0,0.0,0.0,0.0,0.0,3.4000015258789205
277,2022-08-08,114.3499984741211,10332500,0.0,0.0,0.0,0.0,0.0,-1.4100036621093892
278,2022-08-09,115.37999725341795,10233800,0.0,0.0,0.0,0.0,0.0,1.0299987792968608
279,2022-08-10,118.38999938964844,12847300,0.0,0.0,0.0,0.0,0.0,3.010002136230483
280,2022-08-11,120.13999938964844,11684900,0.0,0.0,0.0,0.0,0.0,1.75
281,2022-08-12,122.12999725341795,9906700,0.0,0.0,0.0,0.0,0.0,1.989997863769517
282,2022-08-15,122.45999908447266,8456200,0.0,0.0,0.0,0.0,0.0,0.3300018310547017
283,2022-08-16,123.62999725341795,9555000,0.0,0.0,0.0,0.0,0.0,1.1699981689452983
284,2022-08-17,122.58999633789062,8149300,0.0,0.0,0.0,0.0,0.0,-1.0400009155273295
285,2022-08-18,121.63999938964844,9531800,0.0,0.0,0.0,0.0,0.0,-0.9499969482421875
286,2022-08-19,118.62999725341795,13464500,0.0,0.0,0.0,0.0,0.0,-3.010002136230483
287,2022-08-22,116.66999816894533,8967600,0.0,0.0,0.0,0.0,0.0,-1.9599990844726278
288,2022-08-23,115.5199966430664,7607000,0.0,0.0,0.0,0.0,0.0,-1.1500015258789205
289,2022-08-24,115.8000030517578,9771300,0.0,0.0,0.0,0.0,0.0,0.28000640869139204
290,2022-08-25,118.5500030517578,10758900,0.0,0.0,0.0,0.0,0.0,2.75
291,2022-08-26,114.66999816894533,11276200,0.0,0.0,0.0,0.0,0.0,-3.8800048828124716
292,2022-08-29,114.38999938964844,8117300,0.0,0.0,0.0,0.0,0.0,-0.2799987792968892
293,2022-08-30,114.41000366210938,10745400,0.0,0.0,0.0,0.0,0.0,0.0200042724609375
294,2022-08-31,113.7300033569336,10738300,0.0,0.0,0.0,0.0,0.0,-0.6800003051757812
295,2022-09-01,114.51000213623048,9979800,0.0,0.0,0.0,0.0,0.0,0.7799987792968892
296,2022-09-02,113.70999908447266,10666600,0.0,0.0,0.0,0.0,0.0,-0.8000030517578267
297,2022-09-06,113.73999786376952,9751900,0.0,0.0,0.0,0.0,0.0,0.02999877929686079
298,2022-09-07,115.9000015258789,10647900,0.0,0.0,0.0,0.0,0.0,2.160003662109389
299,2022-09-08,118.5999984741211,11435000,0.0,0.0,0.0,0.0,0.0,2.6999969482421875
300,2022-09-09,119.16999816894533,9299700,0.0,0.0,0.0,0.0,0.0,0.569999694824233
301,2022-09-12,120.58000183105467,8614600,0.0,0.0,0.0,0.0,0.0,1.4100036621093466
302,2022-09-13,116.38999938964844,12904600,0.0,0.0,0.0,0.0,0.0,-4.190002441406236
303,2022-09-14,116.12000274658205,9345700,0.0,0.0,0.0,0.0,0.0,-0.26999664306639204
304,2022-09-15,117.87000274658205,10821400,0.0,0.0,0.0,0.0,0.0,1.75
305,2022-09-16,117.08000183105467,14844100,0.0,0.0,0.0,0.0,0.0,-0.7900009155273722
306,2022-09-19,118.16000366210938,8201300,0.0,0.0,0.0,0.0,0.0,1.0800018310547017
307,2022-09-20,115.83000183105467,9619000,0.0,0.0,0.0,0.0,0.0,-2.3300018310547017
308,2022-09-21,112.48999786376952,12606300,0.0,0.0,0.0,0.0,0.0,-3.3400039672851562
309,2022-09-22,111.20999908447266,11684500,0.0,0.0,0.0,0.0,0.0,-1.2799987792968608
310,2022-09-23,109.13999938964844,18138600,0.0,0.0,0.0,0.0,0.0,-2.0699996948242188
311,2022-09-26,106.79000091552734,15753600,0.0,0.0,0.0,0.0,0.0,-2.3499984741210938
312,2022-09-27,105.8499984741211,12793600,0.0,0.0,0.0,0.0,0.0,-0.94000244140625
313,2022-09-28,107.98999786376952,12762600,0.0,0.0,0.0,0.0,0.0,2.1399993896484233
314,2022-09-29,106.16000366210938,12713900,0.0,0.0,0.0,0.0,0.0,-1.829994201660142
315,2022-09-30,104.5,15973400,0.0,0.0,0.0,0.0,0.0,-1.660003662109375
316,2022-10-03,107.7300033569336,12248100,0.0,0.0,0.0,0.0,0.0,3.2300033569335938
317,2022-10-04,112.7699966430664,16013600,0.0,0.0,0.0,0.0,0.0,5.0399932861328125
318,2022-10-05,110.38999938964844,10943500,0.0,0.0,0.0,0.0,0.0,-2.3799972534179688
319,2022-10-06,108.13999938964844,11521400,0.0,0.0,0.0,0.0,0.0,-2.25
320,2022-10-07,105.9800033569336,11681100,0.0,0.0,0.0,0.0,0.0,-2.1599960327148438
321,2022-10-10,104.98999786376952,8931700,0.0,0.0,0.0,0.0,0.0,-0.9900054931640767
322,2022-10-11,101.95999908447266,12739700,0.0,0.0,0.0,0.0,0.0,-3.029998779296861
323,2022-10-12,103.61000061035156,13181000,0.0,0.0,0.0,0.0,0.0,1.6500015258789062
324,2022-10-13,109.37000274658205,22398700,0.0,0.0,0.0,0.0,0.0,5.760002136230483
325,2022-10-14,111.19000244140624,33387100,0.0,0.0,0.0,0.0,0.0,1.8199996948241903
326,2022-10-17,115.86000061035156,22276300,-3880135.0,0.0,0.0,0.0,0.0,4.669998168945327
327,2022-10-18,118.83999633789062,21539700,-617055.0,0.0,0.0,0.0,0.0,2.9799957275390625
328,2022-10-19,116.51000213623048,17072000,0.0,0.0,0.0,0.0,0.0,-2.329994201660142
329,2022-10-20,116.12999725341795,12207400,0.0,0.0,0.0,0.0,0.0,-0.3800048828125284
330,2022-10-21,122.2300033569336,20593300,0.0,0.0,0.0,0.0,0.0,6.100006103515639
331,2022-10-24,122.37999725341795,12624200,0.0,0.0,0.0,0.0,0.0,0.1499938964843608
332,2022-10-25,122.6999969482422,11289100,0.0,0.0,0.0,0.0,0.0,0.31999969482424717
333,2022-10-26,124.11000061035156,11667000,-1056373.0,0.0,0.0,0.0,0.0,1.4100036621093608
334,2022-10-27,124.5999984741211,10727600,0.0,0.0,0.0,0.0,0.0,0.48999786376953125
335,2022-10-28,126.08000183105467,11859500,0.0,0.0,0.0,0.0,0.0,1.4800033569335795
336,2022-10-31,125.87999725341795,13295200,0.0,0.0,0.0,0.0,0.0,-0.20000457763671875
337,2022-11-01,128.14999389648438,13386900,0.0,0.0,0.0,0.0,0.0,2.2699966430664205
338,2022-11-02,126.97000122070312,16546100,0.0,0.0,0.0,0.0,0.0,-1.17999267578125
339,2022-11-03,127.1999969482422,12474400,0.0,0.0,0.0,0.0,0.0,0.2299957275390767
340,2022-11-04,130.67999267578125,14953200,0.0,0.0,0.0,0.0,0.0,3.4799957275390483
341,2022-11-07,131.3699951171875,12011200,0.0,0.0,0.0,0.0,0.0,0.69000244140625
342,2022-11-08,131.4499969482422,9884100,0.0,0.0,0.0,0.0,0.0,0.0800018310546875
343,2022-11-09,129.74000549316406,9494000,0.0,0.0,0.0,0.0,0.0,-1.709991455078125
344,2022-11-10,135.0800018310547,16351600,-868223.0,0.0,0.0,0.0,0.0,5.339996337890625
345,2022-11-11,135.3000030517578,10704700,0.0,0.0,0.0,0.0,0.0,0.220001220703125
346,2022-11-14,133.91000366210938,11085600,0.0,0.0,0.0,0.0,0.0,-1.3899993896484375
347,2022-11-15,132.94000244140625,14038300,0.0,0.0,0.0,0.0,0.0,-0.970001220703125
348,2022-11-16,133.1199951171875,7893400,0.0,0.0,0.0,0.0,0.0,0.17999267578125
349,2022-11-17,132.5399932861328,8820200,0.0,0.0,0.0,0.0,0.0,-0.5800018310546875
350,2022-11-18,133.83999633789062,9468500,0.0,0.0,0.0,0.0,0.0,1.3000030517578125
351,2022-11-21,133.0500030517578,7800500,0.0,0.0,0.0,0.0,0.0,-0.7899932861328125
352,2022-11-22,135.0399932861328,9185700,0.0,0.0,0.0,0.0,0.0,1.989990234375
353,2022-11-23,136.47999572753906,7316200,0.0,0.0,0.0,0.0,0.0,1.44000244140625
354,2022-11-25,136.74000549316406,3220500,0.0,0.0,0.0,0.0,0.0,0.260009765625
355,2022-11-28,134.35000610351562,9906900,0.0,0.0,0.0,0.0,0.0,-2.3899993896484375
356,2022-11-29,136.55999755859375,7925300,0.0,0.0,0.0,0.0,0.0,2.209991455078125
357,2022-11-30,138.17999267578125,14761200,0.0,0.0,0.0,0.0,0.0,1.6199951171875
358,2022-12-01,136.24000549316406,8858500,0.0,0.0,0.0,0.0,0.0,-1.9399871826171875
359,2022-12-02,135.16000366210938,8931900,0.0,0.0,0.0,0.0,0.0,-1.0800018310546875
360,2022-12-05,131.3699951171875,10154500,0.0,0.0,0.0,0.0,0.0,-3.790008544921875
361,2022-12-06,131.58999633789062,13966700,0.0,0.0,0.0,0.0,0.0,0.220001220703125
362,2022-12-07,131.5,11739400,0.0,0.0,0.0,0.0,0.0,-0.089996337890625
363,2022-12-08,132.8800048828125,8907300,0.0,0.0,0.0,0.0,0.0,1.3800048828125
364,2022-12-09,132.16000366210938,7957800,0.0,0.0,0.0,0.0,0.0,-0.720001220703125
365,2022-12-12,134.2100067138672,8841600,0.0,0.0,0.0,0.0,0.0,2.0500030517578125
366,2022-12-13,134.0800018310547,10025400,0.0,0.0,0.0,0.0,0.0,-0.1300048828125
367,2022-12-14,133.41000366210938,9966100,0.0,0.0,0.0,0.0,0.0,-0.6699981689453125
368,2022-12-15,130.10000610351562,12087800,0.0,0.0,0.0,0.0,0.0,-3.30999755859375
369,2022-12-16,129.2899932861328,21133700,0.0,0.0,0.0,0.0,0.0,-0.8100128173828125
370,2022-12-19,130.05999755859375,9017200,0.0,0.0,0.0,0.0,0.0,0.7700042724609375
371,2022-12-20,130.69000244140625,8549900,0.0,0.0,0.0,0.0,0.0,0.6300048828125
372,2022-12-21,132.16000366210938,8051700,0.0,0.0,0.0,0.0,0.0,1.470001220703125
373,2022-12-22,130.66000366210938,8648200,0.0,0.0,0.0,0.0,0.0,-1.5
374,2022-12-23,131.27999877929688,5091900,0.0,0.0,0.0,0.0,0.0,0.6199951171875
375,2022-12-27,131.74000549316406,5411000,0.0,0.0,0.0,0.0,0.0,0.4600067138671875
376,2022-12-28,132.4600067138672,8827700,0.0,0.0,0.0,0.0,0.0,0.720001220703125
377,2022-12-29,133.22000122070312,6585200,0.0,0.0,0.0,0.0,0.0,0.7599945068359375
378,2022-12-30,134.10000610351562,9292500,0.0,0.0,0.0,0.0,0.0,0.8800048828125
379,2023-01-03,135.1199951171875,11054800,0.0,0.0,0.0,0.0,0.0,1.019989013671875
380,2023-01-04,136.3800048828125,11687600,0.0,0.0,0.0,0.0,0.0,1.260009765625
381,2023-01-05,135.35000610351562,8381300,0.0,0.0,0.0,0.0,0.0,-1.029998779296875
382,2023-01-06,137.94000244140625,10029100,0.0,0.0,0.0,0.0,0.0,2.589996337890625
383,2023-01-09,137.3699951171875,8482300,0.0,0.0,0.0,0.0,0.0,-0.57000732421875
384,2023-01-10,138.60000610351562,9048700,0.0,0.0,0.0,0.0,0.0,1.230010986328125
385,2023-01-11,139.6300048828125,8703700,0.0,0.0,0.0,0.0,0.0,1.029998779296875
386,2023-01-12,139.49000549316406,11001700,0.0,0.0,0.0,0.0,0.0,-0.1399993896484375
387,2023-01-13,143.00999450683594,20200000,0.0,0.0,0.0,0.0,0.0,3.519989013671875
388,2023-01-17,140.8000030517578,14292900,-9827373.0,0.0,0.0,0.0,0.0,-2.209991455078125
389,2023-01-18,136.57000732421875,13392600,0.0,0.0,0.0,0.0,0.0,-4.2299957275390625
390,2023-01-19,134.75,13303400,50448.0,0.0,0.0,0.0,0.0,-1.82000732421875
391,2023-01-20,135.0800018310547,13092500,0.0,0.0,0.0,0.0,0.0,0.3300018310546875
392,2023-01-23,137.27000427246094,10487100,0.0,0.0,0.0,0.0,0.0,2.19000244140625
393,2023-01-24,138.4499969482422,6945000,0.0,0.0,0.0,0.0,0.0,1.17999267578125
394,2023-01-25,139.1199951171875,8967000,0.0,0.0,0.0,0.0,0.0,0.6699981689453125
395,2023-01-26,139.97999572753906,7487600,0.0,0.0,0.0,0.0,0.0,0.8600006103515625
396,2023-01-27,140.32000732421875,7489900,0.0,0.0,0.0,0.0,0.0,0.3400115966796875
397,2023-01-30,139.1300048828125,6729300,0.0,0.0,0.0,0.0,0.0,-1.19000244140625
398,2023-01-31,139.9600067138672,9188700,0.0,0.0,0.0,0.0,0.0,0.8300018310546875
399,2023-02-01,139.58999633789062,8841800,0.0,0.0,0.0,0.0,0.0,-0.3700103759765625
400,2023-02-02,138.94000244140625,11822100,0.0,0.0,0.0,0.0,0.0,-0.649993896484375
401,2023-02-03,141.08999633789062,11501200,0.0,0.0,0.0,0.0,0.0,2.149993896484375
402,2023-02-06,141.9199981689453,8406200,0.0,0.0,0.0,0.0,0.0,0.8300018310546875
403,2023-02-07,143.64999389648438,10447900,0.0,0.0,0.0,0.0,0.0,1.7299957275390625
404,2023-02-08,142.63999938964844,6958000,0.0,0.0,0.0,0.0,0.0,-1.0099945068359375
405,2023-02-09,140.4199981689453,6443100,0.0,0.0,0.0,0.0,0.0,-2.220001220703125
406,2023-02-10,141.0399932861328,6582900,0.0,0.0,0.0,0.0,0.0,0.6199951171875
407,2023-02-13,142.57000732421875,7134600,0.0,0.0,0.0,0.0,0.0,1.5300140380859375
408,2023-02-14,143.1999969482422,9249400,0.0,0.0,0.0,0.0,0.0,0.6299896240234375
409,2023-02-15,143.8000030517578,6728300,0.0,0.0,0.0,0.0,0.0,0.600006103515625
410,2023-02-16,141.82000732421875,8165300,0.0,0.0,0.0,0.0,0.0,-1.9799957275390625
411,2023-02-17,142.24000549316406,7948800,0.0,0.0,0.0,0.0,0.0,0.4199981689453125
412,2023-02-21,139.6300048828125,9996300,0.0,0.0,0.0,0.0,0.0,-2.6100006103515625
413,2023-02-22,138.55999755859375,11107500,0.0,0.0,0.0,0.0,0.0,-1.07000732421875
414,2023-02-23,139.6699981689453,8068000,0.0,0.0,0.0,0.0,0.0,1.1100006103515625
415,2023-02-24,140.92999267578125,9126900,0.0,0.0,0.0,0.0,0.0,1.2599945068359375
416,2023-02-27,142.16000366210938,10014700,0.0,0.0,0.0,0.0,0.0,1.230010986328125
417,2023-02-28,143.35000610351562,11019800,0.0,0.0,0.0,0.0,0.0,1.19000244140625
418,2023-03-01,142.5500030517578,7139200,0.0,0.0,0.0,0.0,0.0,-0.8000030517578125
419,2023-03-02,141.07000732421875,11106800,0.0,0.0,0.0,0.0,0.0,-1.4799957275390625
420,2023-03-03,143.66000366210938,9513100,0.0,0.0,0.0,0.0,0.0,2.589996337890625
421,2023-03-06,142.82000732421875,9261300,0.0,0.0,0.0,0.0,0.0,-0.839996337890625
422,2023-03-07,138.6199951171875,11747600,0.0,0.0,0.0,0.0,0.0,-4.20001220703125
423,2023-03-08,137.8000030517578,10002500,0.0,0.0,0.0,0.0,0.0,-0.8199920654296875
424,2023-03-09,130.33999633789062,25888100,0.0,0.0,0.0,0.0,0.0,-7.4600067138671875
425,2023-03-10,133.64999389648438,37599700,0.0,0.0,0.0,0.0,0.0,3.30999755859375
426,2023-03-13,131.25,42901100,0.0,0.0,0.0,0.0,0.0,-2.399993896484375
427,2023-03-14,134.6199951171875,29648100,0.0,0.0,0.0,0.0,0.0,3.3699951171875
428,2023-03-15,128.25999450683594,34280600,0.0,0.0,0.0,0.0,0.0,-6.3600006103515625
429,2023-03-16,130.75,24558500,0.0,0.0,0.0,0.0,0.0,2.4900054931640625
430,2023-03-17,125.80999755859376,38396000,0.0,0.0,0.0,0.0,0.0,-4.940002441406236
431,2023-03-20,127.13999938964844,22875500,0.0,0.0,0.0,0.0,0.0,1.3300018310546733
432,2023-03-21,130.5500030517578,17807800,0.0,0.0,0.0,0.0,0.0,3.410003662109375
433,2023-03-22,127.18000030517578,17250200,0.0,0.0,0.0,0.0,0.0,-3.3700027465820312
434,2023-03-23,126.83999633789062,16677600,0.0,0.0,0.0,0.0,0.0,-0.34000396728515625
435,2023-03-24,124.91000366210938,22311100,0.0,0.0,0.0,0.0,0.0,-1.92999267578125
436,2023-03-27,128.49000549316406,18853900,0.0,0.0,0.0,0.0,0.0,3.5800018310546875
437,2023-03-28,128.8800048828125,10820500,0.0,0.0,0.0,0.0,0.0,0.3899993896484375
438,2023-03-29,129.13999938964844,14595300,0.0,0.0,0.0,0.0,0.0,0.2599945068359375
439,2023-03-30,128.75,12134700,0.0,0.0,0.0,0.0,0.0,-0.3899993896484375
440,2023-03-31,130.30999755859375,13105200,0.0,0.0,0.0,0.0,0.0,1.55999755859375
441,2023-04-03,130.16000366210938,11775400,0.0,0.0,0.0,0.0,0.0,-0.149993896484375
442,2023-04-04,128.4199981689453,11579900,0.0,0.0,0.0,0.0,0.0,-1.7400054931640625
443,2023-04-05,127.61000061035156,9614700,0.0,0.0,0.0,0.0,0.0,-0.80999755859375
444,2023-04-06,127.47000122070312,8760200,0.0,0.0,0.0,0.0,0.0,-0.1399993896484375
445,2023-04-10,127.88999938964844,9477300,0.0,0.0,0.0,0.0,0.0,0.4199981689453125
446,2023-04-11,128.52000427246094,10516300,0.0,0.0,0.0,0.0,0.0,0.6300048828125
447,2023-04-12,128.5,11821000,0.0,0.0,0.0,0.0,0.0,-0.0200042724609375
448,2023-04-13,128.99000549316406,12450200,0.0,0.0,0.0,0.0,0.0,0.4900054931640625
449,2023-04-14,138.72999572753906,43931300,0.0,0.0,0.0,0.0,0.0,9.739990234375
450,2023-04-17,139.8300018310547,16050500,0.0,0.0,0.0,0.0,0.0,1.100006103515625
451,2023-04-18,141.39999389648438,13760100,0.0,0.0,0.0,0.0,0.0,1.5699920654296875
452,2023-04-19,141.22000122070312,9158100,0.0,0.0,0.0,0.0,0.0,-0.17999267578125
453,2023-04-20,140.80999755859375,10586200,0.0,0.0,0.0,0.0,0.0,-0.410003662109375
454,2023-04-21,140.5399932861328,11842500,0.0,0.0,0.0,0.0,0.0,-0.2700042724609375
455,2023-04-24,140.72999572753906,7567500,0.0,0.0,0.0,0.0,0.0,0.19000244140625
456,2023-04-25,137.6699981689453,10629300,0.0,0.0,0.0,0.0,0.0,-3.05999755859375
457,2023-04-26,135.22999572753906,14416100,0.0,0.0,0.0,0.0,0.0,-2.44000244140625
458,2023-04-27,137.0500030517578,9041100,0.0,0.0,0.0,0.0,0.0,1.82000732421875
459,2023-04-28,138.24000549316406,9881800,0.0,0.0,0.0,0.0,0.0,1.19000244140625
460,2023-05-01,141.1999969482422,20415800,0.0,0.0,0.0,0.0,0.0,2.959991455078125
461,2023-05-02,138.9199981689453,14113400,0.0,0.0,0.0,0.0,0.0,-2.279998779296875
462,2023-05-03,135.97999572753906,12930900,0.0,0.0,0.0,0.0,0.0,-2.94000244140625
463,2023-05-04,134.1199951171875,17089200,0.0,0.0,0.0,0.0,0.0,-1.8600006103515625
464,2023-05-05,136.74000549316406,11259100,0.0,0.0,0.0,0.0,0.0,2.6200103759765625
465,2023-05-08,137.07000732421875,7484900,0.0,0.0,0.0,0.0,0.0,0.3300018310546875
466,2023-05-09,136.41000366210938,7343600,0.0,0.0,0.0,0.0,0.0,-0.660003662109375
467,2023-05-10,136.47999572753906,8133400,0.0,0.0,0.0,0.0,0.0,0.0699920654296875
468,2023-05-11,136.0500030517578,7057300,-15701195.0,0.0,0.0,0.0,0.0,-0.42999267578125
469,2023-05-12,134.10000610351562,9986400,0.0,0.0,0.0,0.0,0.0,-1.9499969482421875
470,2023-05-15,135.22999572753906,7639500,-6340763.0,0.0,0.0,0.0,0.0,1.1299896240234375
471,2023-05-16,134.32000732421875,6477200,0.0,0.0,0.0,0.0,0.0,-0.9099884033203125
472,2023-05-17,138.4499969482422,12711500,0.0,0.0,0.0,0.0,0.0,4.1299896240234375
473,2023-05-18,139.5,10999600,0.0,0.0,0.0,0.0,0.0,1.0500030517578125
474,2023-05-19,139.17999267578125,13490700,-173836.0,0.0,0.0,0.0,0.0,-0.32000732421875
475,2023-05-22,138.02999877929688,11402500,0.0,0.0,0.0,0.0,0.0,-1.149993896484375
476,2023-05-23,136.58999633789062,9514900,0.0,0.0,0.0,0.0,0.0,-1.44000244140625
477,2023-05-24,135.33999633789062,8578000,0.0,0.0,0.0,0.0,0.0,-1.25
478,2023-05-25,135.6699981689453,8472500,0.0,0.0,0.0,0.0,0.0,0.3300018310546875
479,2023-05-26,136.94000244140625,8579900,0.0,0.0,0.0,0.0,0.0,1.2700042724609375
480,2023-05-30,137.4600067138672,7399900,0.0,0.0,0.0,0.0,0.0,0.5200042724609375
481,2023-05-31,135.7100067138672,14219900,0.0,0.0,0.0,0.0,0.0,-1.75
482,2023-06-01,137.5800018310547,12248100,0.0,0.0,0.0,0.0,0.0,1.8699951171875
483,2023-06-02,140.47000122070312,12917200,0.0,0.0,0.0,0.0,0.0,2.8899993896484375
484,2023-06-05,139.08999633789062,8511900,0.0,0.0,0.0,0.0,0.0,-1.3800048828125
485,2023-06-06,139.33999633789062,9329500,0.0,0.0,0.0,0.0,0.0,0.25
486,2023-06-07,140.69000244140625,9281400,0.0,0.0,0.0,0.0,0.0,1.350006103515625
487,2023-06-08,140.72999572753906,7368100,0.0,0.0,0.0,0.0,0.0,0.0399932861328125
488,2023-06-09,141.00999450683594,7249100,0.0,0.0,0.0,0.0,0.0,0.279998779296875
489,2023-06-12,141.0,7596600,-263243.0,0.0,0.0,0.0,0.0,-0.0099945068359375
490,2023-06-13,142.02000427246094,7701600,0.0,0.0,0.0,0.0,0.0,1.0200042724609375
491,2023-06-14,141.49000549316406,9068700,0.0,0.0,0.0,0.0,0.0,-0.529998779296875
492,2023-06-15,143.08999633789062,9343100,-2205796.0,0.0,0.0,0.0,0.0,1.5999908447265625
493,2023-06-16,143.25999450683594,13812100,0.0,0.0,0.0,0.0,0.0,0.1699981689453125
494,2023-06-20,142.52999877929688,8428600,0.0,0.0,0.0,0.0,0.0,-0.7299957275390625
495,2023-06-21,142.32000732421875,9926500,0.0,0.0,0.0,0.0,0.0,-0.209991455078125
496,2023-06-22,139.5800018310547,10075200,0.0,0.0,0.0,0.0,0.0,-2.7400054931640625
497,2023-06-23,138.85000610351562,9907500,0.0,0.0,0.0,0.0,0.0,-0.7299957275390625
498,2023-06-26,139.19000244140625,8429700,0.0,0.0,0.0,0.0,0.0,0.339996337890625
499,2023-06-27,139.1999969482422,8154000,0.0,0.0,0.0,0.0,0.0,0.0099945068359375
500,2023-06-28,138.58999633789062,7558600,0.0,0.0,0.0,0.0,0.0,-0.6100006103515625
501,2023-06-29,143.42999267578125,15423200,0.0,0.0,0.0,0.0,0.0,4.839996337890625
502,2023-06-30,145.44000244140625,14208500,0.0,0.0,0.0,0.0,0.0,2.010009765625
503,2023-07-03,146.61000061035156,8021600,0.0,0.0,0.0,0.0,0.0,1.1699981689453125
504,2023-07-05,144.63999938964844,8934900,0.0,0.0,0.0,0.0,0.0,-1.970001220703125
505,2023-07-06,143.2100067138672,9709500,0.0,0.0,0.0,0.0,0.0,-1.42999267578125
506,2023-07-07,144.33999633789062,8977500,0.0,0.0,0.0,0.0,0.0,1.1299896240234375
507,2023-07-10,145.14999389648438,9100100,0.0,0.0,0.0,0.0,0.0,0.80999755859375
508,2023-07-11,147.4199981689453,11265600,0.0,0.0,0.0,0.0,0.0,2.2700042724609375
509,2023-07-12,148.14999389648438,11323200,0.0,0.0,0.0,0.0,0.0,0.7299957275390625
510,2023-07-13,148.8699951171875,11234900,0.0,0.0,0.0,0.0,0.0,0.720001220703125
511,2023-07-14,149.77000427246094,27011600,0.0,0.0,0.0,0.0,0.0,0.9000091552734375
512,2023-07-17,153.3800048828125,17262400,0.0,0.0,0.0,0.0,0.0,3.6100006103515625
513,2023-07-18,153.66000366210938,13491700,0.0,0.0,0.0,0.0,0.0,0.279998779296875
514,2023-07-19,154.25,12510000,0.0,0.0,0.0,0.0,0.0,0.589996337890625
515,2023-07-20,156.14999389648438,9935900,0.0,0.0,0.0,0.0,0.0,1.899993896484375
516,2023-07-21,154.9499969482422,10633100,0.0,0.0,0.0,0.0,0.0,-1.1999969482421875
517,2023-07-24,158.0,14381400,0.0,0.0,0.0,0.0,0.0,3.0500030517578125
518,2023-07-25,156.82000732421875,9944700,0.0,0.0,0.0,0.0,0.0,-1.17999267578125
519,2023-07-26,157.75999450683594,8728600,0.0,0.0,0.0,0.0,0.0,0.9399871826171875
520,2023-07-27,156.02000427246094,10778400,0.0,0.0,0.0,0.0,0.0,-1.739990234375
521,2023-07-28,156.91000366210938,9103800,0.0,0.0,0.0,0.0,0.0,0.8899993896484375
522,2023-07-31,157.9600067138672,8892700,0.0,0.0,0.0,0.0,0.0,1.0500030517578125
523,2023-08-01,157.17999267578125,6853900,0.0,0.0,0.0,0.0,0.0,-0.7800140380859375
524,2023-08-02,155.39999389648438,8299400,0.0,0.0,0.0,0.0,0.0,-1.779998779296875
525,2023-08-03,156.35000610351562,6084000,0.0,0.0,0.0,0.0,0.0,0.95001220703125
526,2023-08-04,156.02000427246094,6206600,0.0,0.0,0.0,0.0,0.0,-0.3300018310546875
527,2023-08-07,156.75999450683594,7251800,-677343.0,0.0,0.0,0.0,0.0,0.739990234375
528,2023-08-08,155.8800048828125,8623400,0.0,0.0,0.0,0.0,0.0,-0.8799896240234375
529,2023-08-09,153.7899932861328,6277800,0.0,0.0,0.0,0.0,0.0,-2.0900115966796875
530,2023-08-10,153.55999755859375,5995100,0.0,0.0,0.0,0.0,0.0,-0.2299957275390625
531,2023-08-11,154.4499969482422,5178000,0.0,0.0,0.0,0.0,0.0,0.8899993896484375
532,2023-08-14,154.77000427246094,5044300,0.0,0.0,0.0,0.0,0.0,0.32000732421875
533,2023-08-15,150.8300018310547,10300300,0.0,0.0,0.0,0.0,0.0,-3.94000244140625
534,2023-08-16,150.19000244140625,6978200,0.0,0.0,0.0,0.0,0.0,-0.6399993896484375
535,2023-08-17,148.6300048828125,9953900,0.0,0.0,0.0,0.0,0.0,-1.55999755859375
536,2023-08-18,148.97000122070312,8516900,0.0,0.0,0.0,0.0,0.0,0.339996337890625
537,2023-08-21,149.47999572753906,8327000,0.0,0.0,0.0,0.0,0.0,0.5099945068359375
538,2023-08-22,146.3800048828125,9682000,0.0,0.0,0.0,0.0,0.0,-3.0999908447265625
539,2023-08-23,147.3699951171875,7858000,0.0,0.0,0.0,0.0,0.0,0.989990234375
540,2023-08-24,147.22999572753906,6534000,0.0,0.0,0.0,0.0,0.0,-0.1399993896484375
541,2023-08-25,147.0500030517578,6695500,0.0,0.0,0.0,0.0,0.0,-0.17999267578125
542,2023-08-28,147.55999755859375,5094100,0.0,0.0,0.0,0.0,0.0,0.5099945068359375
543,2023-08-29,148.75999450683594,6337000,0.0,0.0,0.0,0.0,0.0,1.1999969482421875
544,2023-08-30,148.16000366210938,6277300,0.0,0.0,0.0,0.0,0.0,-0.5999908447265625
545,2023-08-31,146.3300018310547,10933900,0.0,0.0,0.0,0.0,0.0,-1.8300018310546875
546,2023-09-01,146.82000732421875,7902100,0.0,0.0,0.0,0.0,0.0,0.4900054931640625
547,2023-09-05,145.1999969482422,7854700,0.0,0.0,0.0,0.0,0.0,-1.6200103759765625
548,2023-09-06,144.9600067138672,8629200,-624335.0,0.0,0.0,0.0,0.0,-0.239990234375
549,2023-09-07,143.72000122070312,8373700,0.0,0.0,0.0,0.0,0.0,-1.2400054931640625
550,2023-09-08,143.8300018310547,7107900,0.0,0.0,0.0,0.0,0.0,0.1100006103515625
551,2023-09-11,144.4600067138672,6854200,0.0,0.0,0.0,0.0,0.0,0.6300048828125
552,2023-09-12,146.33999633789062,8363200,0.0,0.0,0.0,0.0,0.0,1.8799896240234375
553,2023-09-13,146.41000366210938,8325900,0.0,0.0,0.0,0.0,0.0,0.07000732421875
554,2023-09-14,149.25,10034900,0.0,0.0,0.0,0.0,0.0,2.839996337890625
555,2023-09-15,148.80999755859375,19824100,0.0,0.0,0.0,0.0,0.0,-0.44000244140625
556,2023-09-18,149.1199951171875,6512400,0.0,0.0,0.0,0.0,0.0,0.30999755859375
557,2023-09-19,148.92999267578125,7943400,0.0,0.0,0.0,0.0,0.0,-0.19000244140625
558,2023-09-20,148.3000030517578,7332000,0.0,0.0,0.0,0.0,0.0,-0.6299896240234375
559,2023-09-21,147.13999938964844,8052400,0.0,0.0,0.0,0.0,0.0,-1.160003662109375
560,2023-09-22,145.72999572753906,7071700,0.0,0.0,0.0,0.0,0.0,-1.410003662109375
561,2023-09-25,146.4499969482422,7044700,0.0,0.0,0.0,0.0,0.0,0.720001220703125
562,2023-09-26,144.92999267578125,7468400,0.0,0.0,0.0,0.0,0.0,-1.5200042724609375
563,2023-09-27,145.77999877929688,6717800,0.0,0.0,0.0,0.0,0.0,0.850006103515625
564,2023-09-28,147.58999633789062,8868100,0.0,0.0,0.0,0.0,0.0,1.80999755859375
565,2023-09-29,145.02000427246094,11915700,0.0,0.0,0.0,0.0,0.0,-2.5699920654296875
566,2023-10-02,143.77000427246094,9170600,0.0,0.0,0.0,0.0,0.0,-1.25
567,2023-10-03,142.7100067138672,9431100,0.0,0.0,0.0,0.0,0.0,-1.05999755859375
568,2023-10-04,143.35000610351562,8128700,0.0,0.0,0.0,0.0,0.0,0.6399993896484375
569,2023-10-05,142.89999389648438,8576200,0.0,0.0,0.0,0.0,0.0,-0.45001220703125
570,2023-10-06,145.10000610351562,10269400,0.0,0.0,0.0,0.0,0.0,2.20001220703125
571,2023-10-09,144.77000427246094,6964900,0.0,0.0,0.0,0.0,0.0,-0.3300018310546875
572,2023-10-10,145.64999389648438,11288800,0.0,0.0,0.0,0.0,0.0,0.8799896240234375
573,2023-10-11,146.14999389648438,8698200,0.0,0.0,0.0,0.0,0.0,0.5
574,2023-10-12,145.80999755859375,10484400,0.0,0.0,0.0,0.0,0.0,-0.339996337890625
575,2023-10-13,148.0,29427000,0.0,0.0,0.0,0.0,0.0,2.19000244140625
576,2023-10-16,147.85000610351562,12663500,0.0,0.0,0.0,0.0,0.0,-0.149993896484375
577,2023-10-17,147.52999877929688,11482700,0.0,0.0,0.0,0.0,0.0,-0.32000732421875
578,2023-10-18,145.91000366210938,9620300,0.0,0.0,0.0,0.0,0.0,-1.6199951171875
579,2023-10-19,145.2899932861328,11143600,0.0,0.0,0.0,0.0,0.0,-0.6200103759765625
580,2023-10-20,142.9499969482422,13332000,0.0,0.0,0.0,0.0,0.0,-2.339996337890625
581,2023-10-23,141.0,10133400,0.0,0.0,0.0,0.0,0.0,-1.9499969482421875
582,2023-10-24,141.1699981689453,8881400,0.0,0.0,0.0,0.0,0.0,0.1699981689453125
583,2023-10-25,140.39999389648438,8242600,0.0,0.0,0.0,0.0,0.0,-0.7700042724609375
584,2023-10-26,140.75999450683594,9109400,0.0,0.0,0.0,0.0,0.0,0.3600006103515625
585,2023-10-27,135.69000244140625,17434700,0.0,0.0,0.0,0.0,0.0,-5.0699920654296875
586,2023-10-30,137.4199981689453,9855500,0.0,0.0,0.0,0.0,0.0,1.7299957275390625
587,2023-10-31,139.05999755859375,9672500,0.0,0.0,0.0,0.0,0.0,1.6399993896484375
588,2023-11-01,138.94000244140625,9432000,0.0,0.0,0.0,0.0,0.0,-0.1199951171875
589,2023-11-02,141.4199981689453,10186200,0.0,0.0,0.0,0.0,0.0,2.4799957275390625
590,2023-11-03,143.0,9533100,0.0,0.0,0.0,0.0,0.0,1.5800018310546875
591,2023-11-06,144.0800018310547,7625100,0.0,0.0,0.0,0.0,0.0,1.0800018310546875
592,2023-11-07,144.00999450683594,6297900,0.0,0.0,0.0,0.0,0.0,-0.07000732421875
593,2023-11-08,144.72000122070312,7618200,0.0,0.0,0.0,0.0,0.0,0.7100067138671875
594,2023-11-09,144.2899932861328,7992500,0.0,0.0,0.0,0.0,0.0,-0.4300079345703125
595,2023-11-10,146.42999267578125,7983300,0.0,0.0,0.0,0.0,0.0,2.1399993896484375
596,2023-11-13,145.77999877929688,6676300,0.0,0.0,0.0,0.0,0.0,-0.649993896484375
597,2023-11-14,148.44000244140625,9927700,0.0,0.0,0.0,0.0,0.0,2.660003662109375
598,2023-11-15,149.74000549316406,8365300,0.0,0.0,0.0,0.0,0.0,1.3000030517578125
599,2023-11-16,151.4499969482422,8126200,0.0,0.0,0.0,0.0,0.0,1.709991455078125
600,2023-11-17,152.82000732421875,7812400,0.0,0.0,0.0,0.0,0.0,1.3700103759765625
601,2023-11-20,153.2899932861328,7019000,0.0,0.0,0.0,0.0,0.0,0.4699859619140625
602,2023-11-21,152.97000122070312,7083500,0.0,0.0,0.0,0.0,0.0,-0.3199920654296875
603,2023-11-22,153.3300018310547,5174500,0.0,0.0,0.0,0.0,0.0,0.3600006103515625
604,2023-11-24,153.5399932861328,3496900,0.0,0.0,0.0,0.0,0.0,0.209991455078125
605,2023-11-27,153.19000244140625,6259100,0.0,0.0,0.0,0.0,0.0,-0.3499908447265625
606,2023-11-28,153.5399932861328,6582700,0.0,0.0,0.0,0.0,0.0,0.3499908447265625
607,2023-11-29,154.32000732421875,9126100,0.0,0.0,0.0,0.0,0.0,0.7800140380859375
608,2023-11-30,156.0800018310547,9869800,0.0,0.0,0.0,0.0,0.0,1.7599945068359375
609,2023-12-01,156.83999633789062,8913000,0.0,0.0,0.0,0.0,0.0,0.7599945068359375
610,2023-12-04,157.99000549316406,9607500,0.0,0.0,0.0,0.0,0.0,1.1500091552734375
611,2023-12-05,157.97000122070312,9135600,0.0,0.0,0.0,0.0,0.0,-0.0200042724609375
612,2023-12-06,156.30999755859375,9366000,0.0,0.0,0.0,0.0,0.0,-1.660003662109375
613,2023-12-07,156.7899932861328,8130900,0.0,0.0,0.0,0.0,0.0,0.4799957275390625
614,2023-12-08,158.52000427246094,7366200,0.0,0.0,0.0,0.0,0.0,1.730010986328125
615,2023-12-11,159.10000610351562,8093900,0.0,0.0,0.0,0.0,0.0,0.5800018310546875
616,2023-12-12,160.52000427246094,10223000,-5158906.0,0.0,0.0,0.0,0.0,1.4199981689453125
617,2023-12-13,161.05999755859375,12379100,0.0,0.0,0.0,0.0,0.0,0.5399932861328125
618,2023-12-14,163.99000549316406,13643000,0.0,0.0,0.0,0.0,0.0,2.9300079345703125
619,2023-12-15,165.22999572753906,20305900,0.0,0.0,0.0,0.0,0.0,1.239990234375
620,2023-12-18,166.22999572753906,8469600,0.0,0.0,0.0,0.0,0.0,1.0
621,2023-12-19,168.4499969482422,10345700,0.0,0.0,0.0,0.0,0.0,2.220001220703125
622,2023-12-20,166.5500030517578,10734700,0.0,0.0,0.0,0.0,0.0,-1.899993896484375
623,2023-12-21,167.5,7601700,0.0,0.0,0.0,0.0,0.0,0.9499969482421875
624,2023-12-22,167.39999389648438,6574900,0.0,0.0,0.0,0.0,0.0,-0.100006103515625
625,2023-12-26,168.38999938964844,4683600,0.0,0.0,0.0,0.0,0.0,0.9900054931640625
626,2023-12-27,169.39999389648438,6428600,0.0,0.0,0.0,0.0,0.0,1.0099945068359375
627,2023-12-28,170.3000030517578,6320100,0.0,0.0,0.0,0.0,0.0,0.9000091552734375
628,2023-12-29,170.10000610351562,6431800,0.0,0.0,0.0,0.0,0.0,-0.1999969482421875
629,2024-01-02,172.0800018310547,9977400,0.0,0.0,0.0,0.0,0.0,1.9799957275390625
630,2024-01-03,171.3300018310547,9852300,0.0,0.0,0.0,0.0,0.0,-0.75
631,2024-01-04,171.41000366210938,11972500,0.0,0.0,0.0,0.0,0.0,0.0800018310546875
632,2024-01-05,172.27000427246094,10064200,0.0,0.0,0.0,0.0,0.0,0.8600006103515625
633,2024-01-08,172.02000427246094,11229900,0.0,0.0,0.0,0.0,0.0,-0.25
634,2024-01-09,170.66000366210938,9923600,0.0,0.0,0.0,0.0,0.0,-1.3600006103515625
635,2024-01-10,171.02000427246094,9670200,0.0,0.0,0.0,0.0,0.0,0.3600006103515625
636,2024-01-11,170.3000030517578,11919500,0.0,0.0,0.0,0.0,0.0,-0.720001220703125
637,2024-01-12,169.0500030517578,19429200,0.0,0.0,0.0,0.0,0.0,-1.25
638,2024-01-16,167.99000549316406,17206400,-3228867.0,0.0,0.0,0.0,0.0,-1.05999755859375
639,2024-01-17,167.08999633789062,11107500,0.0,0.0,0.0,0.0,0.0,-0.9000091552734375
640,2024-01-18,167.4199981689453,9382300,0.0,0.0,0.0,0.0,0.0,0.3300018310546875
641,2024-01-19,170.30999755859375,13114400,0.0,0.0,0.0,0.0,0.0,2.8899993896484375
642,2024-01-22,170.11000061035156,12837500,0.0,0.0,0.0,0.0,0.0,-0.1999969482421875
643,2024-01-23,168.99000549316406,8360800,0.0,0.0,0.0,0.0,0.0,-1.1199951171875
644,2024-01-24,170.5,9967100,0.0,0.0,0.0,0.0,0.0,1.5099945068359375
645,2024-01-25,172.94000244140625,8873500,0.0,0.0,0.0,0.0,0.0,2.44000244140625
646,2024-01-26,172.27999877929688,7443000,0.0,0.0,0.0,0.0,0.0,-0.660003662109375
647,2024-01-29,172.72999572753906,6971200,0.0,0.0,0.0,0.0,0.0,0.4499969482421875
648,2024-01-30,176.27000427246094,10822100,0.0,0.0,0.0,0.0,0.0,3.540008544921875
649,2024-01-31,174.36000061035156,11521800,0.0,0.0,0.0,0.0,0.0,-1.910003662109375
650,2024-02-01,173.72999572753906,9354800,0.0,0.0,0.0,0.0,0.0,-0.6300048828125
651,2024-02-02,174.72999572753906,8607600,0.0,0.0,0.0,0.0,0.0,1.0
652,2024-02-05,174.5,7820200,0.0,0.0,0.0,0.0,0.0,-0.2299957275390625
653,2024-02-06,175.10000610351562,6764800,0.0,0.0,0.0,0.0,0.0,0.600006103515625
654,2024-02-07,175.42999267578125,7225500,0.0,0.0,0.0,0.0,0.0,0.329986572265625
655,2024-02-08,174.8000030517578,6060300,0.0,0.0,0.0,0.0,0.0,-0.6299896240234375
656,2024-02-09,175.00999450683594,6296700,0.0,0.0,0.0,0.0,0.0,0.209991455078125
657,2024-02-12,175.7899932861328,8539300,0.0,0.0,0.0,0.0,0.0,0.779998779296875
658,2024-02-13,174.25999450683594,8397600,0.0,0.0,0.0,0.0,0.0,-1.529998779296875
659,2024-02-14,176.02999877929688,7056700,0.0,0.0,0.0,0.0,0.0,1.7700042724609375
660,2024-02-15,179.8699951171875,8723400,0.0,0.0,0.0,0.0,0.0,3.839996337890625
661,2024-02-16,179.02999877929688,8148100,-3465980.0,0.0,0.0,0.0,0.0,-0.839996337890625
662,2024-02-20,179.72999572753906,9668000,0.0,0.0,0.0,0.0,0.0,0.6999969482421875
663,2024-02-21,180.8999938964844,7027900,0.0,0.0,0.0,0.0,0.0,1.169998168945341
664,2024-02-22,183.07000732421875,9296500,-165690610.0,0.0,0.0,0.0,0.0,2.1700134277343466
665,2024-02-23,183.9900054931641,7105800,0.0,0.0,0.0,0.0,0.0,0.9199981689453409
666,2024-02-26,183.3600006103516,7145400,0.0,0.0,0.0,0.0,0.0,-0.6300048828125
667,2024-02-27,183.4499969482422,5717100,0.0,0.0,0.0,0.0,0.0,0.08999633789059658
668,2024-02-28,184.3800048828125,6131600,0.0,0.0,0.0,0.0,0.0,0.9300079345703125
669,2024-02-29,186.05999755859372,9643000,0.0,0.0,0.0,0.0,0.0,1.6799926757812216
670,2024-03-01,185.2899932861328,6311800,0.0,0.0,0.0,0.0,0.0,-0.7700042724609091
671,2024-03-04,186.67999267578125,7063600,0.0,0.0,0.0,0.0,0.0,1.3899993896484375
672,2024-03-05,188.5500030517578,6617800,0.0,0.0,0.0,0.0,0.0,1.8700103759765625
673,2024-03-06,189.52999877929688,7572900,0.0,0.0,0.0,0.0,0.0,0.9799957275390625
674,2024-03-07,187.8699951171875,7618300,0.0,0.0,0.0,0.0,0.0,-1.660003662109375
675,2024-03-08,188.22000122070312,6166800,0.0,0.0,0.0,0.0,0.0,0.350006103515625
676,2024-03-11,188.2899932861328,5762600,0.0,0.0,0.0,0.0,0.0,0.0699920654296875
677,2024-03-12,189.83999633789065,5708400,0.0,0.0,0.0,0.0,0.0,1.550003051757841
678,2024-03-13,191.3800048828125,7795500,0.0,0.0,0.0,0.0,0.0,1.5400085449218466
679,2024-03-14,187.97000122070312,10310900,0.0,0.0,0.0,0.0,0.0,-3.410003662109375
680,2024-03-15,190.3000030517578,17208100,0.0,0.0,0.0,0.0,0.0,2.3300018310546875
681,2024-03-18,192.66000366210935,9013800,0.0,0.0,0.0,0.0,0.0,2.360000610351534
682,2024-03-19,193.7899932861328,8478700,0.0,0.0,0.0,0.0,0.0,1.129989624023466
683,2024-03-20,196.3300018310547,9367000,0.0,0.0,0.0,0.0,0.0,2.540008544921875
684,2024-03-21,199.05999755859372,11203800,0.0,0.0,0.0,0.0,0.0,2.729995727539034
685,2024-03-22,196.6199951171875,8105800,0.0,0.0,0.0,0.0,0.0,-2.4400024414062216
686,2024-03-25,194.82000732421875,8620000,-765805.0,0.0,0.0,0.0,0.0,-1.79998779296875
687,2024-03-26,195.72999572753903,5961500,0.0,0.0,0.0,0.0,0.0,0.9099884033202841
688,2024-03-27,199.5200042724609,8725800,0.0,0.0,0.0,0.0,0.0,3.790008544921875
689,2024-03-28,200.3000030517578,8628300,0.0,0.0,0.0,0.0,0.0,0.7799987792969034
690,2024-04-01,198.94000244140625,7309000,0.0,0.0,0.0,0.0,0.0,-1.3600006103515625
691,2024-04-02,198.8600006103516,7014700,0.0,0.0,0.0,0.0,0.0,-0.08000183105465908
692,2024-04-03,198.3000030517578,9353400,0.0,0.0,0.0,0.0,0.0,-0.5599975585937784
693,2024-04-04,195.6499938964844,9243800,0.0,0.0,0.0,0.0,0.0,-2.650009155273409
694,2024-04-05,197.4499969482422,6531000,0.0,0.0,0.0,0.0,0.0,1.800003051757784
695,2024-04-08,198.47999572753903,8001000,0.0,0.0,0.0,0.0,0.0,1.0299987792968466
696,2024-04-09,197.1499938964844,7358600,0.0,0.0,0.0,0.0,0.0,-1.3300018310546307
697,2024-04-10,195.47000122070312,7681400,0.0,0.0,0.0,0.0,0.0,-1.6799926757812784
698,2024-04-11,195.42999267578125,10137700,0.0,0.0,0.0,0.0,0.0,-0.040008544921875
699,2024-04-12,182.7899932861328,31506200,0.0,0.0,0.0,0.0,0.0,-12.639999389648438
700,2024-04-15,182.88999938964844,14766600,-32824625.0,0.0,0.0,0.0,0.0,0.100006103515625
701,2024-04-16,180.8000030517578,16451800,0.0,0.0,0.0,0.0,0.0,-2.089996337890625
702,2024-04-17,180.0800018310547,9017100,0.0,0.0,0.0,0.0,0.0,-0.720001220703125
703,2024-04-18,181.25,9557700,0.0,0.0,0.0,0.0,0.0,1.1699981689453125
704,2024-04-19,185.8000030517578,13380200,0.0,0.0,0.0,0.0,0.0,4.5500030517578125
705,2024-04-22,189.41000366210935,11529700,0.0,0.0,0.0,0.0,0.0,3.610000610351534
706,2024-04-23,192.13999938964844,9144400,0.0,0.0,1.0,0.0,0.0,2.729995727539091
707,2024-04-24,193.0800018310547,6964900,0.0,-2.0,2.0,0.0,-2.0,0.94000244140625
708,2024-04-25,193.3699951171875,9802300,0.0,-2.0,0.0,0.0,-2.0,0.2899932861328125
709,2024-04-26,193.4900054931641,6413700,0.0,0.0,0.0,0.0,0.0,0.12001037597659092
710,2024-04-29,193.27999877929688,5387800,0.0,-3.0,3.0,1.0,-2.0,-0.21000671386721592
711,2024-04-30,191.7400054931641,8153700,0.0,0.0,4.0,0.0,0.0,-1.539993286132784
712,2024-05-01,191.8600006103516,7445300,0.0,-3.0,3.0,0.0,-3.0,0.1199951171875
713,2024-05-02,191.66000366210935,6501700,0.0,-2.0,2.0,0.0,-2.0,-0.19999694824224434
714,2024-05-03,190.50999450683597,8922800,0.0,0.0,1.0,0.0,0.0,-1.1500091552733807
715,2024-05-06,192.0,7911100,-4167359.0,0.0,2.0,0.0,0.0,1.490005493164034
716,2024-05-07,191.75,7688800,0.0,-3.0,1.0,3.0,0.0,-0.25
717,2024-05-08,195.6499938964844,9227600,-5773284.0,-1.0,3.0,1.0,0.0,3.8999938964844034
718,2024-05-09,197.5,7977300,0.0,-1.0,1.0,0.0,-1.0,1.8500061035155966
719,2024-05-10,198.7700042724609,7529800,-596577.0,0.0,0.0,0.0,0.0,1.270004272460909
720,2024-05-13,198.72999572753903,7049200,0.0,0.0,3.0,0.0,0.0,-0.040008544921875
721,2024-05-14,201.50999450683597,8596200,-2347065.0,0.0,1.0,2.0,2.0,2.779998779296932
722,2024-05-15,202.1100006103516,8370000,0.0,0.0,4.0,2.0,2.0,0.600006103515625
723,2024-05-16,202.47000122070312,8497900,0.0,0.0,1.0,0.0,0.0,0.3600006103515341
724,2024-05-17,204.7899932861328,9260500,0.0,0.0,3.0,1.0,1.0,2.3199920654296875
725,2024-05-20,195.5800018310547,17373300,-1948851.0,-2.0,5.0,1.0,-1.0,-9.209991455078125
726,2024-05-21,199.5200042724609,14420800,0.0,-2.0,0.0,1.0,-1.0,3.9400024414062216
727,2024-05-22,198.30999755859372,9425300,0.0,0.0,2.0,2.0,2.0,-1.2100067138671875
728,2024-05-23,196.9199981689453,8069400,0.0,-5.0,3.0,0.0,-5.0,-1.389999389648409
729,2024-05-24,200.7100067138672,7355400,0.0,-4.0,2.0,0.0,-4.0,3.790008544921875
