,Date,Close,Volume,Insider_Trades,News_Sentiment
0,2021-06-30,347.7099914550781,15107500,0.0,
1,2021-07-01,354.3900146484375,17137000,0.0,
2,2021-07-02,354.70001220703125,11521300,0.0,
3,2021-07-06,352.7799987792969,13488500,0.0,
4,2021-07-07,350.489990234375,14218900,0.0,
5,2021-07-08,345.6499938964844,14406500,0.0,
6,2021-07-09,350.4200134277344,13018700,0.0,
7,2021-07-12,353.1600036621094,10018600,0.0,
8,2021-07-13,352.0899963378906,11456000,0.0,
9,2021-07-14,347.6300048828125,13894200,0.0,
10,2021-07-15,344.4599914550781,14781600,0.0,
11,2021-07-16,341.1600036621094,11026100,0.0,
12,2021-07-19,336.95001220703125,14372300,0.0,
13,2021-07-20,341.6600036621094,11024300,0.0,
14,2021-07-21,346.2300109863281,9279700,0.0,
15,2021-07-22,351.19000244140625,12385400,0.0,
16,2021-07-23,369.7900085449219,33694300,0.0,
17,2021-07-26,372.4599914550781,14925200,0.0,
18,2021-07-27,367.80999755859375,15705400,0.0,
19,2021-07-28,373.2799987792969,29676900,0.0,
20,2021-07-29,358.32000732421875,33413200,0.0,
21,2021-07-30,356.29998779296875,15976200,0.0,
22,2021-08-02,351.95001220703125,13180400,0.0,
23,2021-08-03,351.239990234375,12406100,0.0,
24,2021-08-04,358.9200134277344,14180600,0.0,
25,2021-08-05,362.9700012207031,10247200,0.0,
26,2021-08-06,363.510009765625,8925000,0.0,
27,2021-08-09,361.6099853515625,7798900,0.0,
28,2021-08-10,361.1300048828125,7469900,0.0,
29,2021-08-11,359.9599914550781,8400300,0.0,
30,2021-08-12,362.6499938964844,7170700,0.0,
31,2021-08-13,363.1799926757813,7195700,0.0,
32,2021-08-16,366.55999755859375,11222100,0.0,
33,2021-08-17,358.45001220703125,12328700,0.0,
34,2021-08-18,355.45001220703125,10042400,0.0,
35,2021-08-19,355.1199951171875,12004500,0.0,
36,2021-08-20,359.3699951171875,8697700,0.0,
37,2021-08-23,363.3500061035156,10942000,0.0,
38,2021-08-24,365.510009765625,9235100,0.0,
39,2021-08-25,368.3900146484375,9684500,0.0,
40,2021-08-26,364.3800048828125,7888700,0.0,
41,2021-08-27,372.6300048828125,11219100,0.0,
42,2021-08-30,380.6600036621094,13547300,0.0,
43,2021-08-31,379.3800048828125,12345400,0.0,
44,2021-09-01,382.0499877929688,11567200,0.0,
45,2021-09-02,375.2799987792969,14832900,0.0,
46,2021-09-03,376.260009765625,7509600,0.0,
47,2021-09-07,382.1799926757813,10793800,0.0,
48,2021-09-08,377.5700073242188,11067200,0.0,
49,2021-09-09,378.0,9098900,0.0,
50,2021-09-10,378.6900024414063,11549600,0.0,
51,2021-09-13,376.510009765625,13026300,0.0,
52,2021-09-14,376.5299987792969,8711600,0.0,
53,2021-09-15,373.9200134277344,17940300,0.0,
54,2021-09-16,373.05999755859375,11934200,0.0,
55,2021-09-17,364.7200012207031,26299000,0.0,
56,2021-09-20,355.70001220703125,19822800,0.0,
57,2021-09-21,357.4800109863281,11751900,0.0,
58,2021-09-22,343.2099914550781,43692900,0.0,
59,2021-09-23,345.9599914550781,21806300,0.0,
60,2021-09-24,352.9599914550781,18801900,0.0,
61,2021-09-27,353.5799865722656,15205800,0.0,
62,2021-09-28,340.6499938964844,21710300,0.0,
63,2021-09-29,339.6099853515625,14452200,0.0,
64,2021-09-30,339.3900146484375,16547100,0.0,
65,2021-10-01,343.010009765625,14905300,0.0,
66,2021-10-04,326.2300109863281,42885000,0.0,
67,2021-10-05,332.9599914550781,35377900,0.0,
68,2021-10-06,333.6400146484375,26443000,0.0,
69,2021-10-07,329.2200012207031,28307500,0.0,
70,2021-10-08,330.04998779296875,15946100,0.0,
71,2021-10-11,325.45001220703125,14708200,0.0,
72,2021-10-12,323.7699890136719,31658700,0.0,
73,2021-10-13,324.5400085449219,14761500,0.0,
74,2021-10-14,328.5299987792969,14302200,0.0,
75,2021-10-15,324.760009765625,21596400,0.0,
76,2021-10-18,335.3399963378906,21585000,0.0,
77,2021-10-19,339.989990234375,18786300,0.0,
78,2021-10-20,340.7799987792969,13639500,0.0,
79,2021-10-21,341.8800048828125,16354400,0.0,
80,2021-10-22,324.6099853515625,35224500,0.0,
81,2021-10-25,328.69000244140625,38409000,0.0,
82,2021-10-26,315.8099975585937,65654000,0.0,
83,2021-10-27,312.2200012207031,29971800,0.0,
84,2021-10-28,316.9200134277344,50806800,0.0,
85,2021-10-29,323.57000732421875,37059400,0.0,
86,2021-11-01,329.9800109863281,31518900,0.0,
87,2021-11-02,328.0799865722656,28353000,0.0,
88,2021-11-03,331.6199951171875,20786500,0.0,
89,2021-11-04,335.8500061035156,22495300,0.0,
90,2021-11-05,341.1300048828125,26872800,0.0,
91,2021-11-08,338.6199951171875,18342500,0.0,
92,2021-11-09,335.3699951171875,17556700,0.0,
93,2021-11-10,327.6400146484375,21872600,0.0,
94,2021-11-11,327.739990234375,12376600,0.0,
95,2021-11-12,340.8900146484375,25414300,0.0,
96,2021-11-15,347.5599975585937,25076600,0.0,
97,2021-11-16,342.9599914550781,18181100,0.0,
98,2021-11-17,340.7699890136719,13602800,0.0,
99,2021-11-18,338.69000244140625,17487200,0.0,
100,2021-11-19,345.29998779296875,26488500,0.0,
101,2021-11-22,341.010009765625,27116800,0.0,
102,2021-11-23,337.25,17225000,0.0,
103,2021-11-24,341.0599975585937,13566200,0.0,
104,2021-11-26,333.1199951171875,14750700,0.0,
105,2021-11-29,338.0299987792969,16650900,0.0,
106,2021-11-30,324.4599914550781,25390000,0.0,
107,2021-12-01,310.6000061035156,30329600,0.0,
108,2021-12-02,310.3900146484375,24396200,0.0,
109,2021-12-03,306.8399963378906,27471000,0.0,
110,2021-12-06,317.8699951171875,21758300,0.0,
111,2021-12-07,322.8099975585937,18794000,0.0,
112,2021-12-08,330.5599975585937,19937700,0.0,
113,2021-12-09,329.82000732421875,16879200,0.0,
114,2021-12-10,329.75,14528000,0.0,
115,2021-12-13,334.489990234375,22948700,0.0,
116,2021-12-14,333.739990234375,20461000,0.0,
117,2021-12-15,341.6600036621094,24681300,0.0,
118,2021-12-16,334.8999938964844,22635000,0.0,
119,2021-12-17,333.7900085449219,40012600,0.0,
120,2021-12-20,325.45001220703125,17901800,0.0,
121,2021-12-21,334.20001220703125,16116800,0.0,
122,2021-12-22,330.45001220703125,16764600,0.0,
123,2021-12-23,335.239990234375,13987700,0.0,
124,2021-12-27,346.17999267578125,17795000,0.0,
125,2021-12-28,346.2200012207031,16637600,0.0,
126,2021-12-29,342.94000244140625,10747000,0.0,
127,2021-12-30,344.3599853515625,10593300,0.0,
128,2021-12-31,336.3500061035156,12870500,0.0,
129,2022-01-03,338.5400085449219,14537900,0.0,
130,2022-01-04,336.5299987792969,15998000,0.0,
131,2022-01-05,324.1700134277344,20564500,0.0,
132,2022-01-06,332.4599914550781,27962800,0.0,
133,2022-01-07,331.7900085449219,14722000,0.0,
134,2022-01-10,328.07000732421875,24942400,0.0,
135,2022-01-11,334.3699951171875,16226800,0.0,
136,2022-01-12,333.260009765625,14104900,0.0,
137,2022-01-13,326.4800109863281,14797100,0.0,
138,2022-01-14,331.8999938964844,16868500,0.0,
139,2022-01-18,318.1499938964844,22645600,0.0,
140,2022-01-19,319.5899963378906,20814700,0.0,
141,2022-01-20,316.5599975585937,16925000,0.0,
142,2022-01-21,303.1700134277344,28710700,0.0,
143,2022-01-24,308.7099914550781,38878100,0.0,
144,2022-01-25,300.1499938964844,25108500,0.0,
145,2022-01-26,294.6300048828125,28348800,0.0,
146,2022-01-27,294.6400146484375,21629900,0.0,
147,2022-01-28,301.7099914550781,21871600,0.0,
148,2022-01-31,313.260009765625,21579500,0.0,
149,2022-02-01,319.0,18023800,0.0,
150,2022-02-02,323.0,58458300,0.0,
151,2022-02-03,237.75999450683597,188119900,0.0,
152,2022-02-04,237.08999633789065,89342200,0.0,
153,2022-02-07,224.91000366210935,88613800,0.0,
154,2022-02-08,220.17999267578125,94729700,0.0,
155,2022-02-09,232.0,86563300,0.0,
156,2022-02-10,228.07000732421875,49310400,0.0,
157,2022-02-11,219.5500030517578,46156900,0.0,
158,2022-02-14,217.6999969482422,38184000,0.0,
159,2022-02-15,221.0,42685500,0.0,
160,2022-02-16,216.5399932861328,45817500,0.0,
161,2022-02-17,207.7100067138672,38747500,0.0,
162,2022-02-18,206.16000366210935,37128400,0.0,
163,2022-02-22,202.0800018310547,39852400,0.0,
164,2022-02-23,198.4499969482422,44481400,0.0,
165,2022-02-24,207.6000061035156,49957200,0.0,
166,2022-02-25,210.47999572753903,37627600,0.0,
167,2022-02-28,211.02999877929688,34239800,0.0,
168,2022-03-01,203.4900054931641,27094900,0.0,
169,2022-03-02,208.1100006103516,29452100,0.0,
170,2022-03-03,202.97000122070312,27263500,0.0,
171,2022-03-04,200.05999755859372,32130900,0.0,
172,2022-03-07,187.47000122070312,38560600,0.0,
173,2022-03-08,190.2899932861328,37508100,0.0,
174,2022-03-09,198.5,31894700,0.0,
175,2022-03-10,195.2100067138672,24853000,0.0,
176,2022-03-11,187.6100006103516,34694500,0.0,
177,2022-03-14,186.6300048828125,31010500,0.0,
178,2022-03-15,192.02999877929688,31721700,0.0,
179,2022-03-16,203.6300048828125,40640300,0.0,
180,2022-03-17,207.83999633789065,29499700,0.0,
181,2022-03-18,216.4900054931641,52128000,0.0,
182,2022-03-21,211.4900054931641,30142300,0.0,
183,2022-03-22,216.6499938964844,31998800,0.0,
184,2022-03-23,213.4600067138672,23717300,0.0,
185,2022-03-24,219.57000732421875,31502300,0.0,
186,2022-03-25,221.82000732421875,40039000,0.0,
187,2022-03-28,223.58999633789065,26224100,0.0,
188,2022-03-29,229.8600006103516,31417900,0.0,
189,2022-03-30,227.8500061035156,25588000,0.0,
190,2022-03-31,222.3600006103516,24192300,0.0,
191,2022-04-01,224.8500061035156,19544800,0.0,
192,2022-04-04,233.88999938964844,28054800,0.0,
193,2022-04-05,231.83999633789065,29727200,0.0,
194,2022-04-06,223.3000030517578,28995100,0.0,
195,2022-04-07,222.9499969482422,21037200,0.0,
196,2022-04-08,222.3300018310547,18375700,0.0,
197,2022-04-11,216.4600067138672,20516600,0.0,
198,2022-04-12,214.13999938964844,20128800,0.0,
199,2022-04-13,214.9900054931641,19231800,0.0,
200,2022-04-14,210.17999267578125,18379500,0.0,
201,2022-04-18,210.7700042724609,16580800,0.0,
202,2022-04-19,217.30999755859372,20089900,0.0,
203,2022-04-20,200.4199981689453,43036500,0.0,
204,2022-04-21,188.07000732421875,49954100,0.0,
205,2022-04-22,184.1100006103516,36426800,0.0,
206,2022-04-25,186.9900054931641,29281100,0.0,
207,2022-04-26,180.9499969482422,31747400,0.0,
208,2022-04-27,174.9499969482422,71062900,0.0,
209,2022-04-28,205.72999572753903,100890600,0.0,
210,2022-04-29,200.47000122070312,49193400,0.0,
211,2022-05-02,211.1300048828125,49915300,0.0,
212,2022-05-03,212.02999877929688,41556300,0.0,
213,2022-05-04,223.41000366210935,41375900,0.0,
214,2022-05-05,208.27999877929688,41129200,0.0,
215,2022-05-06,203.7700042724609,34747200,0.0,
216,2022-05-09,196.2100067138672,36303200,0.0,
217,2022-05-10,197.6499938964844,34452500,0.0,
218,2022-05-11,188.7400054931641,31153400,0.0,
219,2022-05-12,191.2400054931641,38262200,0.0,
220,2022-05-13,198.6199951171875,24549800,0.0,
221,2022-05-16,200.0399932861328,27112600,0.0,
222,2022-05-17,202.6199951171875,24872700,0.0,
223,2022-05-18,192.2400054931641,23960000,0.0,
224,2022-05-19,191.2899932861328,24446900,0.0,
225,2022-05-20,193.5399932861328,31465600,0.0,
226,2022-05-23,196.22999572753903,25059200,-1810368.0,
227,2022-05-24,181.27999877929688,50406300,-61741.0,
228,2022-05-25,183.8300018310547,28030200,0.0,
229,2022-05-26,191.6300048828125,23056500,0.0,
230,2022-05-27,195.1300048828125,22562700,0.0,
231,2022-05-31,193.63999938964844,26131100,-789856.0,
232,2022-06-01,188.63999938964844,36623500,0.0,
233,2022-06-02,198.8600006103516,31951600,0.0,
234,2022-06-03,190.77999877929688,19465000,0.0,
235,2022-06-06,194.25,30574200,0.0,
236,2022-06-07,195.6499938964844,18828700,-65640.0,
237,2022-06-08,196.63999938964844,22267200,0.0,
238,2022-06-09,184.0,23501600,0.0,
239,2022-06-10,175.57000732421875,27450800,0.0,
240,2022-06-13,164.25999450683594,31749300,0.0,
241,2022-06-14,163.72999572753906,27244300,-56734.0,
242,2022-06-15,169.35000610351562,30008300,0.0,
243,2022-06-16,160.8699951171875,26944100,0.0,
244,2022-06-17,163.74000549316406,31374200,0.0,
245,2022-06-21,157.0500030517578,50724900,-56810.0,
246,2022-06-22,155.85000610351562,47267800,0.0,
247,2022-06-23,158.75,40499200,0.0,
248,2022-06-24,170.16000366210938,68736000,0.0,
249,2022-06-27,169.49000549316406,29174600,0.0,
250,2022-06-28,160.67999267578125,27744500,-58106.0,
251,2022-06-29,163.94000244140625,28595200,0.0,
252,2022-06-30,161.25,35250600,0.0,
253,2022-07-01,160.02999877929688,31423900,0.0,
254,2022-07-05,168.19000244140625,28618600,-54077.0,
255,2022-07-06,169.77000427246094,23085900,0.0,
256,2022-07-07,172.19000244140625,24083400,0.0,
257,2022-07-08,170.8800048828125,19249200,0.0,
258,2022-07-11,162.8800048828125,21885600,0.0,
259,2022-07-12,163.27000427246094,16639700,-56362.0,
260,2022-07-13,163.49000549316406,16555100,0.0,
261,2022-07-14,158.0500030517578,23765200,0.0,
262,2022-07-15,164.6999969482422,23342800,0.0,
263,2022-07-18,167.22999572753906,23574300,0.0,
264,2022-07-19,175.77999877929688,25933700,-58267.0,
265,2022-07-20,183.08999633789065,24784300,0.0,
266,2022-07-21,183.1699981689453,27195800,0.0,
267,2022-07-22,169.27000427246094,42583900,0.0,
268,2022-07-25,166.64999389648438,26166300,0.0,
269,2022-07-26,159.14999389648438,28468400,-56704.0,
270,2022-07-27,169.5800018310547,43846600,0.0,
271,2022-07-28,160.72000122070312,73214300,0.0,
272,2022-07-29,159.10000610351562,42065400,0.0,
273,2022-08-01,159.92999267578125,40596700,0.0,
274,2022-08-02,160.19000244140625,27374500,-54084.0,
275,2022-08-03,168.8000030517578,31721900,0.0,
276,2022-08-04,170.57000732421875,23938200,0.0,
277,2022-08-05,167.11000061035156,25832700,0.0,
278,2022-08-08,170.25,27299100,0.0,
279,2022-08-09,168.52999877929688,18655100,-57713.0,
280,2022-08-10,178.33999633789062,30262100,0.0,
281,2022-08-11,177.49000549316406,24079100,0.0,
282,2022-08-12,180.5,21274000,0.0,
283,2022-08-15,180.88999938964844,15878700,-15070802.0,
284,2022-08-16,179.47000122070312,21156700,-374758.0,
285,2022-08-17,174.85000610351562,20118100,0.0,
286,2022-08-18,174.66000366210938,18844500,0.0,
287,2022-08-19,167.9600067138672,26240800,0.0,
288,2022-08-22,163.0500030517578,19499700,0.0,
289,2022-08-23,161.11000061035156,18111800,-55568.0,
290,2022-08-24,163.25999450683594,20891500,0.0,
291,2022-08-25,168.77999877929688,15550500,0.0,
292,2022-08-26,161.77999877929688,24023600,0.0,
293,2022-08-29,159.1699981689453,20052700,0.0,
294,2022-08-30,157.16000366210938,19567900,-54802.0,
295,2022-08-31,162.92999267578125,40953000,0.0,
296,2022-09-01,165.36000061035156,30145700,0.0,
297,2022-09-02,160.32000732421875,22634200,0.0,
298,2022-09-06,158.5399932861328,19339800,-54741.0,
299,2022-09-07,160.38999938964844,16831200,0.0,
300,2022-09-08,162.05999755859375,22530800,0.0,
301,2022-09-09,169.14999389648438,22086800,0.0,
302,2022-09-12,168.9600067138672,23220400,0.0,
303,2022-09-13,153.1300048828125,44444100,-55141.0,
304,2022-09-14,151.47000122070312,43064200,0.0,
305,2022-09-15,149.5500030517578,34606300,0.0,
306,2022-09-16,146.2899932861328,40122800,0.0,
307,2022-09-19,148.02000427246094,22169500,0.0,
308,2022-09-20,146.08999633789062,23217400,-49853.0,
309,2022-09-21,142.1199951171875,38338600,0.0,
310,2022-09-22,142.82000732421875,34418500,0.0,
311,2022-09-23,140.41000366210938,31710700,0.0,
312,2022-09-26,136.3699951171875,30497000,0.0,
313,2022-09-27,134.39999389648438,30826500,-47169.0,
314,2022-09-28,141.61000061035156,32658500,0.0,
315,2022-09-29,136.41000366210938,38985400,0.0,
316,2022-09-30,135.67999267578125,33166400,0.0,
317,2022-10-03,138.61000061035156,27723100,0.0,
318,2022-10-04,140.27999877929688,34670700,-48000.0,
319,2022-10-05,138.97999572753906,27979300,0.0,
320,2022-10-06,139.07000732421875,36231100,0.0,
321,2022-10-07,133.4499969482422,33214800,0.0,
322,2022-10-10,133.7899932861328,24024000,0.0,
323,2022-10-11,128.5399932861328,38481400,-44952.0,
324,2022-10-12,127.5,34605200,0.0,
325,2022-10-13,130.2899932861328,34325700,0.0,
326,2022-10-14,126.76000213623048,23559400,0.0,
327,2022-10-17,134.0399932861328,29612200,0.0,
328,2022-10-18,132.8000030517578,25445000,-46854.0,
329,2022-10-19,133.22999572753906,30691000,0.0,
330,2022-10-20,131.52999877929688,26356300,0.0,
331,2022-10-21,130.00999450683594,46348600,0.0,
332,2022-10-24,129.72000122070312,63563400,0.0,
333,2022-10-25,137.50999450683594,38433200,-44734.0,
334,2022-10-26,129.82000732421875,82791500,0.0,
335,2022-10-27,97.94000244140624,232316600,0.0,
336,2022-10-28,99.1999969482422,95928300,0.0,
337,2022-10-31,93.16000366210938,121361400,0.0,
338,2022-11-01,95.1999969482422,110189600,-32254.0,
339,2022-11-02,90.54000091552734,71821100,0.0,
340,2022-11-03,88.91000366210938,60664000,0.0,
341,2022-11-04,90.79000091552734,55638100,0.0,
342,2022-11-07,96.72000122070312,81987300,0.0,
343,2022-11-08,96.47000122070312,52088300,-31369.0,
344,2022-11-09,101.47000122070312,107677300,0.0,
345,2022-11-10,111.87000274658205,80671000,0.0,
346,2022-11-11,113.0199966430664,59961700,0.0,
347,2022-11-14,114.22000122070312,53395000,0.0,
348,2022-11-15,117.08000183105467,50670500,-10204141.0,
349,2022-11-16,113.2300033569336,33287800,-201669.0,
350,2022-11-17,111.4499969482422,35093800,0.0,
351,2022-11-18,112.0500030517578,33357700,0.0,
352,2022-11-21,109.86000061035156,24351100,0.0,
353,2022-11-22,111.44000244140624,29029000,0.0,
354,2022-11-23,112.23999786376952,21343100,-38167.0,
355,2022-11-25,111.41000366210938,12007600,0.0,
356,2022-11-28,108.77999877929688,23309400,0.0,
357,2022-11-29,109.45999908447266,23899200,0.0,
358,2022-11-30,118.0999984741211,43348600,-37408.0,
359,2022-12-01,120.44000244140624,36551400,0.0,
360,2022-12-02,123.48999786376952,39950500,0.0,
361,2022-12-05,122.43000030517578,35474900,0.0,
362,2022-12-06,114.12000274658205,43689200,0.0,
363,2022-12-07,113.93000030517578,29461100,-38950.0,
364,2022-12-08,115.33000183105467,30619400,0.0,
365,2022-12-09,115.9000015258789,26033400,0.0,
366,2022-12-12,114.70999908447266,24747100,0.0,
367,2022-12-13,120.1500015258789,44701100,0.0,
368,2022-12-14,121.58999633789062,36922000,-40913.0,
369,2022-12-15,116.1500015258789,34531000,0.0,
370,2022-12-16,119.43000030517578,67064000,0.0,
371,2022-12-19,114.4800033569336,29769900,0.0,
372,2022-12-20,117.08999633789062,28742500,0.0,
373,2022-12-21,119.76000213623048,20392800,-39911.0,
374,2022-12-22,117.12000274658205,23618100,0.0,
375,2022-12-23,118.04000091552734,17796600,0.0,
376,2022-12-27,116.87999725341795,21392300,0.0,
377,2022-12-28,115.62000274658205,19612500,-39822.0,
378,2022-12-29,120.26000213623048,22366200,0.0,
379,2022-12-30,120.33999633789062,19583800,0.0,
380,2023-01-03,124.73999786376952,35528500,0.0,
381,2023-01-04,127.37000274658205,32397100,-43571.0,
382,2023-01-05,126.94000244140624,25447100,0.0,
383,2023-01-06,130.02000427246094,27584500,0.0,
384,2023-01-09,129.47000122070312,26649100,0.0,
385,2023-01-10,132.99000549316406,28684400,0.0,
386,2023-01-11,132.88999938964844,25423000,-44812.0,
387,2023-01-12,136.7100067138672,30757700,0.0,
388,2023-01-13,136.97999572753906,22423800,0.0,
389,2023-01-17,135.36000061035156,21147600,0.0,
390,2023-01-18,133.02000427246094,20215500,-46413.0,
391,2023-01-19,136.14999389648438,28625200,0.0,
392,2023-01-20,139.3699951171875,28688600,0.0,
393,2023-01-23,143.27000427246094,27470100,0.0,
394,2023-01-24,143.13999938964844,21970200,0.0,
395,2023-01-25,141.5,26622000,-48359.0,
396,2023-01-26,147.3000030517578,25482100,0.0,
397,2023-01-27,151.74000549316406,35771900,0.0,
398,2023-01-30,147.05999755859375,28040100,0.0,
399,2023-01-31,148.97000122070312,29842100,0.0,
400,2023-02-01,153.1199951171875,55661000,-50616.0,
401,2023-02-02,188.7700042724609,150475700,0.0,
402,2023-02-03,186.52999877929688,76809700,0.0,
403,2023-02-06,186.05999755859372,42483800,0.0,
404,2023-02-07,191.6199951171875,47080700,-4453566.0,
405,2023-02-08,183.42999267578125,36139100,-62130.0,
406,2023-02-09,177.9199981689453,37118800,0.0,
407,2023-02-10,174.14999389648438,33433600,0.0,
408,2023-02-13,179.42999267578125,31463200,0.0,
409,2023-02-14,179.47999572753906,24034600,0.0,
410,2023-02-15,177.16000366210938,25308900,-12816069.0,
411,2023-02-16,172.44000244140625,25827500,-310041.0,
412,2023-02-17,172.8800048828125,24171300,-2271038.0,
413,2023-02-21,172.0800018310547,34592600,-68402.0,
414,2023-02-22,171.1199951171875,22433200,0.0,
415,2023-02-23,172.0399932861328,20017800,0.0,
416,2023-02-24,170.38999938964844,19791300,0.0,
417,2023-02-27,169.5399932861328,19277000,0.0,
418,2023-02-28,174.94000244140625,46051100,-67592.0,
419,2023-03-01,173.4199981689453,30998400,0.0,
420,2023-03-02,174.52999877929688,17352000,0.0,
421,2023-03-03,185.25,45877700,0.0,
422,2023-03-06,184.8999938964844,33209400,0.0,
423,2023-03-07,184.50999450683597,36701500,-74277.0,
424,2023-03-08,184.97000122070312,19432400,0.0,
425,2023-03-09,181.69000244140625,26582800,0.0,
426,2023-03-10,179.50999450683594,25665000,0.0,
427,2023-03-13,180.8999938964844,24728000,0.0,
428,2023-03-14,194.0200042724609,41642600,-73589.0,
429,2023-03-15,197.75,42123600,0.0,
430,2023-03-16,204.92999267578125,50447100,0.0,
431,2023-03-17,195.6100006103516,50141100,0.0,
432,2023-03-20,197.80999755859372,25186300,0.0,
433,2023-03-21,202.16000366210935,31827000,-79881.0,
434,2023-03-22,199.80999755859372,28477800,0.0,
435,2023-03-23,204.27999877929688,27389700,0.0,
436,2023-03-24,206.00999450683597,27716400,0.0,
437,2023-03-27,202.83999633789065,18527200,0.0,
438,2023-03-28,200.67999267578125,19127300,-78600.0,
439,2023-03-29,205.3500061035156,18851100,0.0,
440,2023-03-30,207.83999633789065,22608300,0.0,
441,2023-03-31,211.94000244140625,25440300,0.0,
442,2023-04-03,213.07000732421875,17924600,0.0,
443,2023-04-04,214.72000122070312,21026400,-83756.0,
444,2023-04-05,211.47999572753903,19396600,0.0,
445,2023-04-06,216.1000061035156,26104400,0.0,
446,2023-04-10,214.75,16106100,0.0,
447,2023-04-11,213.8500061035156,16710100,-84825.0,
448,2023-04-12,214.0,18972200,0.0,
449,2023-04-13,220.3500061035156,23310400,0.0,
450,2023-04-14,221.4900054931641,21591200,0.0,
451,2023-04-17,218.8600006103516,15481900,0.0,
452,2023-04-18,217.88999938964844,12281000,-86436.0,
453,2023-04-19,215.6999969482422,15898100,0.0,
454,2023-04-20,213.07000732421875,16475400,0.0,
455,2023-04-21,212.88999938964844,17717200,0.0,
456,2023-04-24,212.7899932861328,15750900,0.0,
457,2023-04-25,207.5500030517578,19198200,-82895.0,
458,2023-04-26,209.3999938964844,41992700,0.0,
459,2023-04-27,238.55999755859372,71196500,0.0,
460,2023-04-28,240.32000732421875,39554000,0.0,
461,2023-05-01,243.17999267578125,29143900,0.0,
462,2023-05-02,239.2400054931641,24350100,-95570.0,
463,2023-05-03,237.02999877929688,34463900,0.0,
464,2023-05-04,233.5200042724609,17889400,0.0,
465,2023-05-05,232.77999877929688,26978900,0.0,
466,2023-05-08,233.2700042724609,16400500,0.0,
467,2023-05-09,233.3699951171875,16865600,-86655.0,
468,2023-05-10,233.0800018310547,19119000,0.0,
469,2023-05-11,235.7899932861328,20449000,0.0,
470,2023-05-12,233.80999755859372,16155300,0.0,
471,2023-05-15,238.8600006103516,20653200,-10305485.0,
472,2023-05-16,238.82000732421875,18163800,-170089.0,
473,2023-05-17,242.4900054931641,21193100,-1022935.0,
474,2023-05-18,246.8500061035156,22943300,0.0,
475,2023-05-19,245.63999938964844,21599800,0.0,
476,2023-05-22,248.32000732421875,27738500,0.0,
477,2023-05-23,246.7400054931641,17748100,-178377.0,
478,2023-05-24,249.2100067138672,17724300,0.0,
479,2023-05-25,252.69000244140625,22371400,0.0,
480,2023-05-26,262.0400085449219,25727200,0.0,
481,2023-05-30,262.5199890136719,23816500,-191330.0,
482,2023-05-31,264.7200012207031,25473700,0.0,
483,2023-06-01,272.6099853515625,25609500,0.0,
484,2023-06-02,272.6099853515625,19405300,0.0,
485,2023-06-05,271.3900146484375,20742900,0.0,
486,2023-06-06,271.1199951171875,19419000,-195041.0,
487,2023-06-07,263.6000061035156,26163600,0.0,
488,2023-06-08,264.5799865722656,20899400,0.0,
489,2023-06-09,264.95001220703125,16938500,0.0,
490,2023-06-12,271.04998779296875,15442500,0.0,
491,2023-06-13,271.32000732421875,16164000,-198550.0,
492,2023-06-14,273.3500061035156,19175100,0.0,
493,2023-06-15,281.8299865722656,25973500,0.0,
494,2023-06-16,281.0,43102500,0.0,
495,2023-06-20,284.3299865722656,20701600,-201243.0,
496,2023-06-21,281.6400146484375,20556200,0.0,
497,2023-06-22,284.8800048828125,17563100,0.0,
498,2023-06-23,288.7300109863281,50988400,0.0,
499,2023-06-26,278.4700012207031,24232700,0.0,
500,2023-06-27,287.04998779296875,26108300,-203604.0,
501,2023-06-28,285.2900085449219,16722100,0.0,
502,2023-06-29,281.5299987792969,15395700,0.0,
503,2023-06-30,286.9800109863281,19676000,0.0,
504,2023-07-03,286.0199890136719,8629300,-206997.0,
505,2023-07-05,294.3699951171875,33865500,0.0,
506,2023-07-06,291.989990234375,47600500,0.0,
507,2023-07-07,290.5299987792969,25546200,0.0,
508,2023-07-10,294.1000061035156,37058300,0.0,
509,2023-07-11,298.2900085449219,27585900,-211908.0,
510,2023-07-12,309.3399963378906,36677100,0.0,
511,2023-07-13,313.4100036621094,30281000,0.0,
512,2023-07-14,308.8699951171875,22576000,0.0,
513,2023-07-17,310.6199951171875,25323100,0.0,
514,2023-07-18,312.04998779296875,20764600,-224520.0,
515,2023-07-19,316.010009765625,21763700,0.0,
516,2023-07-20,302.5199890136719,23836900,0.0,
517,2023-07-21,294.260009765625,42089700,0.0,
518,2023-07-24,291.6099853515625,24915700,0.0,
519,2023-07-25,294.4700012207031,19585600,-213127.0,
520,2023-07-26,298.57000732421875,47256900,0.0,
521,2023-07-27,311.7099914550781,64229200,0.0,
522,2023-07-28,325.4800109863281,39220300,0.0,
523,2023-07-31,318.6000061035156,25799600,0.0,
524,2023-08-01,322.7099914550781,22817900,-229358.0,
525,2023-08-02,314.3099975585937,20461100,0.0,
526,2023-08-03,313.19000244140625,15180200,0.0,
527,2023-08-04,310.7300109863281,17600200,0.0,
528,2023-08-07,316.5599975585937,16236500,0.0,
529,2023-08-08,312.6400146484375,15183500,-223844.0,
530,2023-08-09,305.2099914550781,19955800,0.0,
531,2023-08-10,305.739990234375,14358900,0.0,
532,2023-08-11,301.6400146484375,13967800,0.0,
533,2023-08-14,306.19000244140625,15641900,0.0,
534,2023-08-15,301.95001220703125,11623600,-20890592.0,
535,2023-08-16,294.2900085449219,18547700,-201000.0,
536,2023-08-17,285.0899963378906,23950100,-1253161.0,
537,2023-08-18,283.25,34061200,0.0,
538,2023-08-21,289.8999938964844,20181500,0.0,
539,2023-08-22,287.6000061035156,12999900,-196009.0,
540,2023-08-23,294.239990234375,18287000,0.0,
541,2023-08-24,286.75,18360900,0.0,
542,2023-08-25,285.5,23701400,0.0,
543,2023-08-28,290.260009765625,14239300,0.0,
544,2023-08-29,297.989990234375,20844500,-193262.0,
545,2023-08-30,295.1000061035156,17717000,0.0,
546,2023-08-31,295.8900146484375,17229900,0.0,
547,2023-09-01,296.3800048828125,12819800,0.0,
548,2023-09-05,300.1499938964844,14956000,-199292.0,
549,2023-09-06,299.1700134277344,15418100,0.0,
550,2023-09-07,298.6700134277344,33748700,0.0,
551,2023-09-08,297.8900146484375,17548000,0.0,
552,2023-09-11,307.5599975585937,19489300,0.0,
553,2023-09-12,301.6600036621094,13480400,-205248.0,
554,2023-09-13,305.0599975585937,13210900,0.0,
555,2023-09-14,311.7200012207031,19343100,0.0,
556,2023-09-15,300.3099975585937,28106400,0.0,
557,2023-09-18,302.54998779296875,14234200,0.0,
558,2023-09-19,305.07000732421875,15924400,-202662.0,
559,2023-09-20,299.6700134277344,19379500,0.0,
560,2023-09-21,295.7300109863281,21300500,0.0,
561,2023-09-22,299.0799865722656,25369600,0.0,
562,2023-09-25,300.8299865722656,18987000,0.0,
563,2023-09-26,298.9599914550781,19417200,-199432.0,
564,2023-09-27,297.739990234375,36429800,0.0,
565,2023-09-28,303.9599914550781,22167100,0.0,
566,2023-09-29,300.2099914550781,25356600,0.0,
567,2023-10-02,306.82000732421875,16265600,0.0,
568,2023-10-03,300.94000244140625,17362300,-203680.0,
569,2023-10-04,305.5799865722656,16880500,0.0,
570,2023-10-05,304.7900085449219,19130000,0.0,
571,2023-10-06,315.42999267578125,21784000,0.0,
572,2023-10-09,318.3599853515625,22503700,0.0,
573,2023-10-10,321.8399963378906,19038000,-213898.0,
574,2023-10-11,327.82000732421875,22036300,0.0,
575,2023-10-12,324.1600036621094,20530500,0.0,
576,2023-10-13,314.69000244140625,21341000,0.0,
577,2023-10-16,321.1499938964844,16536100,0.0,
578,2023-10-17,324.0,16387800,-213187.0,
579,2023-10-18,316.9700012207031,16851000,0.0,
580,2023-10-19,312.8099975585937,18709200,0.0,
581,2023-10-20,308.6499938964844,22287400,0.0,
582,2023-10-23,314.010009765625,17796800,0.0,
583,2023-10-24,312.54998779296875,19525500,-212243.0,
584,2023-10-25,299.5299987792969,42192500,0.0,
585,2023-10-26,288.3500061035156,66684100,0.0,
586,2023-10-27,296.7300109863281,29596300,0.0,
587,2023-10-30,302.6600036621094,28435100,0.0,
588,2023-10-31,301.2699890136719,19434200,-203084.0,
589,2023-11-01,311.8500061035156,20434600,-8599970.0,
590,2023-11-02,310.8699951171875,21631800,-8699615.0,
591,2023-11-03,314.6000061035156,16754100,-8781097.0,
592,2023-11-06,315.79998779296875,12887700,-8855432.0,
593,2023-11-07,318.82000732421875,14055600,-9146675.0,
594,2023-11-08,319.7799987792969,13609700,-8910009.0,
595,2023-11-09,320.54998779296875,16103100,-8991693.0,
596,2023-11-10,328.7699890136719,19096200,-9125422.0,
597,2023-11-13,329.19000244140625,16908900,-9244290.0,
598,2023-11-14,336.3099975585937,17179400,-9399639.0,
599,2023-11-15,332.7099914550781,14531200,-30707377.0,
600,2023-11-16,334.19000244140625,18932600,-9454247.0,
601,2023-11-17,335.0400085449219,14494400,-9345874.0,
602,2023-11-20,339.9700012207031,16960500,-12896313.0,
603,2023-11-21,336.9800109863281,12027900,-9658999.0,
604,2023-11-22,341.489990234375,10702700,-9559965.0,
605,2023-11-24,338.2300109863281,5467500,-9481419.0,
606,2023-11-27,334.70001220703125,15684500,-9460098.0,
607,2023-11-28,338.989990234375,12637200,-9597138.0,
608,2023-11-29,332.20001220703125,16024500,-11420482.0,
609,2023-11-30,327.1499938964844,23146400,-9132146.0,
610,2023-12-01,324.82000732421875,15264700,-9059965.0,
611,2023-12-04,320.0199890136719,19037100,-8887013.0,
612,2023-12-05,318.2900085449219,16952100,-9089999.0,
613,2023-12-06,317.45001220703125,11294300,-8941765.0,
614,2023-12-07,326.5899963378906,15905100,-9105013.0,
615,2023-12-08,332.75,14077500,-9239639.0,
616,2023-12-11,325.2799987792969,25802500,-9061479.0,
617,2023-12-12,334.2200012207031,18485500,-9428788.0,
618,2023-12-13,334.739990234375,16353300,-9392549.0,
619,2023-12-14,333.1700134277344,19607300,-9296660.0,
620,2023-12-15,334.9200134277344,30001600,-9408484.0,
621,2023-12-18,344.6199951171875,18993900,-9638393.0,
622,2023-12-19,350.3599853515625,17729400,-20426689.0,
623,2023-12-20,349.2799987792969,16369900,-16373381.0,
624,2023-12-21,354.0899963378906,15289600,-16798472.0,
625,2023-12-22,353.3900146484375,11764200,-16885964.0,
626,2023-12-26,354.8299865722656,9898600,-17135183.0,
627,2023-12-27,357.8299865722656,13207900,-17045951.0,
628,2023-12-28,358.32000732421875,11798800,-20749576.0,
629,2023-12-29,353.9599914550781,14980500,-6984196.0,
630,2024-01-02,346.2900085449219,19042200,-572980.0,
631,2024-01-03,344.4700012207031,15451100,0.0,
632,2024-01-04,347.1199951171875,12099900,0.0,
633,2024-01-05,351.95001220703125,13920700,-6917352.0,
634,2024-01-08,358.6600036621094,13890200,-6991681.0,
635,2024-01-09,357.42999267578125,13463900,-7247653.0,
636,2024-01-10,370.4700012207031,22117200,-7260229.0,
637,2024-01-11,369.6700134277344,17205400,-7243445.0,
638,2024-01-12,374.489990234375,19295700,-7364951.0,
639,2024-01-16,367.4599914550781,15306900,-7494104.0,
640,2024-01-17,368.3699951171875,12724800,-7183283.0,
641,2024-01-18,376.1300048828125,16354300,-7370916.0,
642,2024-01-19,383.4500122070313,21470100,-7513661.0,
643,2024-01-22,381.7799987792969,17680500,-11068276.0,
644,2024-01-23,385.2000122070313,15506100,-7800941.0,
645,2024-01-24,390.7000122070313,15698500,-9499439.0,
646,2024-01-25,393.1799926757813,15091100,-7729720.0,
647,2024-01-26,394.1400146484375,13163700,-7769182.0,
648,2024-01-29,401.0199890136719,18742400,-28873123.0,
649,2024-01-30,400.05999755859375,18614700,-26660431.0,
650,2024-01-31,390.1400146484375,20180800,-7751411.0,
651,2024-02-01,394.7799987792969,29727100,-7967950.0,
652,2024-02-02,474.989990234375,84615500,-46146531.0,
653,2024-02-05,459.4100036621094,40832400,-44955703.0,
654,2024-02-06,454.7200012207031,21655200,-44677270.0,
655,2024-02-07,469.5899963378906,23066000,-45420285.0,
656,2024-02-08,470.0,18815100,-45456884.0,
657,2024-02-09,468.1099853515625,18413100,-45601727.0,
658,2024-02-12,468.8999938964844,19382000,-45956177.0,
659,2024-02-13,460.1199951171875,20916600,-44963119.0,
660,2024-02-14,473.2799987792969,16858400,-45602748.0,
661,2024-02-15,484.0299987792969,24212300,-80239173.0,
662,2024-02-16,473.3200073242188,23306500,-46284128.0,
663,2024-02-20,471.75,18015500,-45915156.0,
664,2024-02-21,468.0299987792969,12977100,-45252792.0,
665,2024-02-22,486.1300048828125,21625800,-37665250.0,
666,2024-02-23,484.0299987792969,18374300,-37979558.0,
667,2024-02-26,481.739990234375,12101400,-37416417.0,
668,2024-02-27,487.0499877929688,10809600,-37772336.0,
669,2024-02-28,484.0199890136719,12715500,-37635974.0,
670,2024-02-29,490.1300048828125,17732000,-37800659.0,
671,2024-03-01,502.2999877929688,16273600,-38970281.0,
672,2024-03-04,498.1900024414063,12324100,-38752239.0,
673,2024-03-05,490.2200012207031,15325300,-38312008.0,
674,2024-03-06,496.0899963378906,11757900,-38520828.0,
675,2024-03-07,512.1900024414062,18586400,-39486705.0,
676,2024-03-08,505.9500122070313,18575200,-39819620.0,
677,2024-03-11,483.5899963378906,20428300,-37553305.0,
678,2024-03-12,499.75,15448200,-38643224.0,
679,2024-03-13,495.5700073242188,12090700,-38370049.0,
680,2024-03-14,491.8299865722656,12620000,-38332991.0,
681,2024-03-15,484.1000061035156,29141700,-37792386.0,
682,2024-03-18,496.9800109863281,11755300,-38116121.0,
683,2024-03-19,496.239990234375,10903100,-38246209.0,
684,2024-03-20,505.5199890136719,11711100,-38729892.0,
685,2024-03-21,507.760009765625,9712500,-39414295.0,
686,2024-03-22,509.5799865722656,8117000,-39490022.0,
687,2024-03-25,503.0199890136719,8380600,-39079406.0,
688,2024-03-26,495.8900146484375,11205400,-39454654.0,
689,2024-03-27,493.8599853515625,9989700,-37889084.0,
690,2024-03-28,485.5799865722656,15212800,-15379362.0,
691,2024-04-01,491.3500061035156,9247000,-15703108.0,
692,2024-04-02,497.3699951171875,11081000,-283725.0,
693,2024-04-03,506.739990234375,12099200,0.0,
694,2024-04-04,510.9200134277344,26476300,0.0,
695,2024-04-05,527.3400268554688,19242000,-253090.0,
696,2024-04-08,519.25,13260600,0.0,
697,2024-04-09,516.9000244140625,10881400,-305370.0,
698,2024-04-10,519.8300170898438,11418500,0.0,
699,2024-04-11,523.1599731445312,10369500,0.0,
700,2024-04-12,511.8999938964844,11944900,-253698.0,
701,2024-04-15,500.2300109863281,13512900,0.0,
702,2024-04-16,499.760009765625,9847900,-291675.0,
703,2024-04-17,494.1700134277344,12193700,0.0,
704,2024-04-18,501.7999877929688,14808700,0.0,
705,2024-04-19,481.0700073242188,25111000,-245578.0,
706,2024-04-22,481.7300109863281,17271100,0.0,
707,2024-04-23,496.1000061035156,15079200,-287381.0,
708,2024-04-24,493.5,37772700,0.0,
709,2024-04-25,441.3800048828125,82890700,0.0,
710,2024-04-26,443.2900085449219,32691400,-216355.0,
711,2024-04-29,432.6199951171875,21502600,0.0,
712,2024-04-30,430.1700134277344,18429500,-252164.0,
713,2024-05-01,439.1900024414063,20344900,0.0,
714,2024-05-02,441.6799926757813,15221300,0.0,
715,2024-05-03,451.9599914550781,16489100,-218506.0,0.0
716,2024-05-06,465.6799926757813,15094600,0.0,-1.0
717,2024-05-07,468.239990234375,13406800,-268606.0,
718,2024-05-08,472.6000061035156,11683900,0.0,0.0
719,2024-05-09,475.4200134277344,9437700,0.0,0.0
720,2024-05-10,476.2000122070313,10750000,0.0,0.0
721,2024-05-13,468.010009765625,14668800,0.0,-1.0
722,2024-05-14,471.8500061035156,10478600,0.0,
723,2024-05-15,481.5400085449219,13100500,-29125065.0,-1.0
724,2024-05-16,473.2300109863281,16608200,-429875.0,
725,2024-05-17,471.9100036621094,10807300,0.0,-1.0
726,2024-05-20,468.8399963378906,11745100,0.0,1.0
727,2024-05-21,464.6300048828125,11742200,-423151.0,0.0
728,2024-05-22,467.7799987792969,10078600,0.0,
729,2024-05-23,465.7799987792969,11730000,0.0,0.0
